"Actions_taken","Liberal","Unconstitutional","Precedent_alteration","Unanimous","Year_of_decision","Lower_court_disagreement","binaryClass"
0,1,0,0,1,1953,1,N
0,0,0,0,1,1953,0,N
0,0,0,0,0,1953,0,N
0,0,0,0,1,1953,1,N
0,1,0,0,0,1953,0,N
0,0,0,0,1,1953,1,N
0,1,0,0,0,1953,0,N
0,1,0,0,1,1953,1,N
1,0,0,0,0,1953,0,N
1,0,0,0,0,1953,0,N
0,1,0,0,1,1953,0,N
0,1,0,0,0,1953,0,N
1,0,0,0,0,1953,0,N
0,1,0,0,0,1953,0,N
0,1,0,0,1,1953,0,N
0,1,0,0,0,1953,0,N
0,1,0,0,0,1953,0,N
0,0,0,0,0,1953,1,N
0,0,0,0,1,1953,1,N
0,1,0,0,0,1953,0,N
0,0,0,0,0,1953,0,N
0,0,0,0,1,1953,1,N
0,1,0,0,0,1953,0,N
0,0,0,0,1,1953,1,N
0,0,0,0,0,1953,0,N
0,1,0,0,1,1953,0,N
0,1,0,0,0,1954,0,N
0,1,0,0,0,1954,1,N
0,1,0,0,1,1954,0,N
0,0,0,0,1,1954,0,N
0,1,0,0,1,1954,0,N
0,1,0,0,1,1954,0,N
0,1,0,0,1,1954,0,N
0,0,0,0,0,1954,0,N
0,1,1,1,1,1954,0,N
0,1,0,0,1,1954,0,N
0,0,0,0,0,1954,0,N
0,0,0,0,1,1954,0,N
0,0,0,0,1,1954,0,N
0,0,0,0,0,1954,1,N
0,1,1,1,1,1954,0,N
0,1,0,0,0,1954,0,N
0,1,0,0,0,1954,0,N
0,1,0,0,1,1954,0,N
0,0,0,0,0,1954,0,N
0,1,0,0,0,1954,0,N
0,1,0,0,1,1954,0,N
0,0,0,0,0,1954,0,N
0,1,0,0,1,1954,0,N
0,0,0,0,0,1954,0,N
0,1,0,0,0,1954,1,N
0,0,0,0,0,1954,0,N
0,0,0,0,1,1954,1,N
0,1,0,0,1,1954,0,N
0,0,0,0,0,1954,0,N
0,0,0,0,1,1954,0,N
0,1,0,0,0,1954,0,N
0,0,0,0,0,1954,0,N
0,0,0,0,0,1954,0,N
0,1,0,0,0,1954,0,N
0,1,0,0,1,1954,0,N
0,0,0,0,0,1954,1,N
0,0,0,0,0,1954,0,N
0,1,0,0,1,1954,0,N
0,0,0,0,0,1954,0,N
0,0,0,0,0,1954,0,N
0,1,0,0,0,1954,0,N
0,0,0,0,0,1954,1,N
0,1,0,0,0,1954,1,N
0,1,0,0,0,1954,0,N
0,0,0,0,0,1954,1,N
0,1,0,0,1,1954,1,N
0,1,0,0,0,1954,0,N
0,0,0,0,0,1954,0,N
0,0,0,0,0,1954,0,N
0,1,0,0,1,1954,0,N
0,1,0,0,1,1954,0,N
0,0,0,0,0,1954,1,N
0,0,0,0,0,1954,0,N
0,0,0,0,0,1954,0,N
0,1,1,1,1,1954,0,N
0,0,0,0,0,1954,0,N
0,1,1,1,1,1954,0,N
6,0,0,0,0,1954,0,N
0,1,0,0,1,1954,1,N
0,0,0,0,1,1954,1,N
0,1,0,0,1,1954,0,N
0,0,0,0,0,1954,1,N
0,1,0,0,1,1954,0,N
0,1,0,0,1,1954,0,N
0,0,0,0,0,1954,0,N
0,1,0,0,1,1954,0,N
0,1,0,0,1,1954,0,N
0,1,0,0,0,1954,1,N
0,0,0,0,1,1954,0,N
0,1,0,0,1,1955,0,N
0,1,0,0,1,1955,0,N
0,1,0,0,0,1955,0,N
0,1,0,0,1,1955,0,N
0,0,0,0,0,1955,0,N
0,0,0,0,0,1955,1,N
1,1,0,0,0,1955,0,N
0,1,0,0,0,1955,1,N
0,1,0,0,0,1955,0,N
0,1,0,0,0,1955,0,N
0,1,0,0,0,1955,1,N
0,0,0,0,1,1955,0,N
0,1,0,0,1,1955,0,N
0,0,0,0,0,1955,0,N
0,0,0,0,0,1955,1,N
0,0,0,0,0,1955,0,N
0,1,0,0,1,1955,0,N
0,1,0,0,0,1955,0,N
0,1,0,0,0,1955,0,N
0,1,0,0,0,1955,1,N
0,1,0,0,0,1955,0,N
0,1,0,0,0,1955,1,N
2,0,0,0,0,1955,0,N
0,0,0,0,0,1955,0,N
0,1,0,0,0,1955,0,N
0,1,0,0,1,1955,0,N
0,0,0,0,1,1955,0,N
0,0,0,0,0,1955,0,N
0,1,0,0,0,1955,0,N
0,1,0,0,1,1955,0,N
0,0,0,0,0,1955,0,N
0,1,0,0,1,1955,0,N
0,1,0,0,1,1955,0,N
0,1,0,0,0,1955,0,N
0,0,0,0,0,1955,0,N
0,1,0,0,1,1955,0,N
0,0,0,0,1,1955,0,N
0,1,0,0,1,1955,0,N
0,1,0,0,0,1955,0,N
0,1,0,0,0,1955,0,N
0,1,0,0,0,1955,1,N
0,1,0,0,1,1955,0,N
0,1,0,0,1,1955,0,N
0,0,0,0,0,1955,1,N
0,1,0,0,0,1955,0,N
0,1,0,0,1,1955,0,N
0,0,0,0,1,1955,0,N
0,1,0,0,1,1955,0,N
0,1,0,0,1,1955,0,N
0,0,0,0,0,1955,0,N
0,1,0,0,0,1955,0,N
0,1,0,0,1,1955,0,N
0,1,0,0,0,1955,0,N
0,1,0,0,1,1955,0,N
0,0,0,0,1,1955,0,N
0,1,0,0,0,1955,0,N
0,1,0,0,0,1955,0,N
0,1,0,0,0,1955,0,N
0,1,0,0,0,1955,0,N
0,1,0,0,1,1955,0,N
0,1,0,0,1,1955,0,N
0,0,0,0,1,1955,0,N
0,1,0,0,0,1955,0,N
0,1,0,0,0,1956,0,N
0,1,0,0,1,1956,0,N
0,1,0,0,1,1956,0,N
0,1,0,0,0,1956,0,N
0,1,0,0,1,1956,0,N
0,1,0,0,1,1956,0,N
0,1,0,0,0,1956,0,N
0,1,0,0,0,1956,0,N
0,0,0,0,1,1956,0,N
0,1,0,0,1,1956,0,N
0,1,0,0,0,1956,1,N
0,1,0,0,0,1956,0,N
0,1,0,0,0,1956,1,N
0,1,1,0,0,1956,1,N
0,1,0,0,1,1956,0,N
0,1,0,0,0,1956,0,N
0,1,0,0,0,1956,1,N
0,0,0,0,0,1956,0,N
0,1,0,0,0,1956,0,N
0,0,0,0,1,1956,0,N
0,1,0,0,1,1956,0,N
0,0,0,0,0,1956,1,N
0,1,0,0,0,1956,1,N
0,0,0,0,0,1956,0,N
0,1,0,0,1,1956,1,N
0,1,0,0,0,1956,0,N
0,0,0,0,0,1956,0,N
0,0,0,0,1,1956,0,N
0,1,0,0,1,1956,0,N
0,1,0,0,0,1956,0,N
0,0,0,0,0,1956,0,N
0,0,0,0,0,1956,0,N
0,1,0,0,0,1956,0,N
0,1,0,0,1,1956,1,N
0,0,0,0,0,1956,0,N
0,1,0,0,0,1956,0,N
0,0,0,0,0,1956,0,N
0,0,0,0,0,1956,0,N
0,0,0,0,1,1956,0,N
0,0,0,0,0,1956,0,N
0,1,0,0,0,1956,0,N
0,0,0,0,0,1956,1,N
0,1,0,0,0,1956,0,N
0,0,0,0,0,1956,0,N
0,1,1,0,0,1956,1,N
0,1,0,0,1,1956,0,N
0,1,0,0,1,1956,0,N
0,1,0,0,0,1956,0,N
0,0,0,0,1,1956,0,N
0,0,0,0,0,1956,0,N
0,1,0,0,1,1956,0,N
0,0,0,0,0,1956,0,N
0,1,0,0,0,1956,0,N
0,1,0,0,1,1956,0,N
0,1,0,0,0,1956,1,N
0,1,0,0,1,1956,0,N
0,1,0,0,0,1956,0,N
0,1,0,0,1,1956,0,N
0,0,0,0,1,1956,1,N
0,0,0,0,0,1956,0,N
0,0,0,0,0,1956,1,N
0,0,0,0,0,1956,0,N
0,0,0,0,1,1956,1,N
0,1,0,0,1,1956,1,N
0,1,0,0,1,1956,0,N
0,0,0,0,1,1956,0,N
0,0,0,0,0,1956,1,N
0,0,0,0,0,1956,1,N
0,0,0,0,0,1956,1,N
0,1,0,0,1,1956,0,N
0,0,0,0,0,1956,0,N
0,1,0,0,1,1956,0,N
0,1,0,0,0,1956,0,N
0,1,0,0,1,1956,0,N
0,1,0,0,0,1956,1,N
0,1,0,0,1,1956,1,N
0,1,0,0,1,1956,0,N
0,1,0,0,1,1956,0,N
0,1,0,0,0,1956,0,N
0,1,0,0,1,1956,0,N
0,1,1,0,0,1956,0,N
0,0,0,0,0,1956,0,N
0,0,0,0,0,1957,0,N
0,0,0,0,1,1957,0,N
0,0,0,0,0,1957,0,N
0,1,0,0,1,1957,0,N
0,1,0,0,1,1957,0,N
0,0,0,0,0,1957,0,N
0,1,0,0,1,1957,0,N
0,0,0,0,0,1957,0,N
0,1,0,0,0,1957,0,N
0,1,0,0,1,1957,0,N
0,1,0,0,1,1957,0,N
0,1,0,0,0,1957,0,N
0,1,1,0,0,1957,0,N
0,1,0,0,1,1957,0,N
0,0,0,0,0,1957,0,N
0,0,0,0,0,1957,0,N
0,1,0,0,0,1957,1,N
0,0,0,0,0,1957,1,N
0,0,0,0,0,1957,0,N
0,1,0,0,0,1957,0,N
0,1,0,0,1,1957,1,N
0,1,0,0,0,1957,0,N
0,1,0,0,0,1957,0,N
0,0,0,0,1,1957,0,N
0,1,1,1,0,1957,0,N
0,1,0,0,0,1957,0,N
0,1,0,0,1,1957,0,N
0,1,0,0,0,1957,0,N
0,1,0,0,1,1957,1,N
0,1,0,0,0,1957,0,N
0,0,0,0,0,1957,0,N
0,1,0,0,0,1957,0,N
0,0,0,0,0,1957,0,N
0,1,0,1,0,1957,0,N
0,1,0,0,0,1957,0,N
0,1,0,0,0,1957,0,N
0,0,0,0,0,1957,0,N
0,1,0,0,0,1957,0,N
0,1,0,0,0,1957,0,N
0,0,0,0,0,1957,0,N
0,0,0,0,1,1957,0,N
0,1,0,0,1,1957,0,N
0,0,0,0,0,1957,0,N
0,1,0,0,0,1957,0,N
0,1,0,0,0,1957,0,N
0,0,0,0,0,1957,0,N
0,0,0,0,0,1957,0,N
0,1,0,0,0,1957,0,N
0,1,1,1,0,1957,0,N
0,1,0,0,0,1957,0,N
0,1,0,0,0,1957,0,N
0,1,0,0,1,1957,0,N
0,0,0,0,0,1957,0,N
0,1,0,0,0,1957,0,N
0,1,0,0,1,1957,1,N
0,1,0,0,0,1957,0,N
0,1,0,0,1,1957,0,N
0,1,1,0,1,1957,0,N
0,1,0,0,0,1957,0,N
0,1,0,0,0,1957,1,N
0,1,0,0,0,1957,1,N
0,1,0,0,0,1957,0,N
0,1,0,0,1,1957,1,N
0,1,0,0,1,1957,1,N
0,1,0,0,0,1957,0,N
0,0,0,0,0,1957,0,N
0,1,0,0,0,1957,1,N
0,1,0,0,0,1957,0,N
0,1,0,0,1,1957,0,N
0,1,0,0,1,1957,0,N
0,1,0,0,1,1957,0,N
0,1,0,0,0,1957,0,N
0,1,0,0,1,1957,0,N
0,1,0,0,1,1957,0,N
0,1,0,0,1,1957,0,N
0,1,0,0,0,1957,0,N
0,1,0,0,1,1957,0,N
0,0,0,0,0,1957,0,N
0,1,0,0,0,1957,0,N
0,1,0,0,1,1957,1,N
0,0,0,0,0,1957,0,N
0,1,0,0,1,1957,0,N
0,0,0,0,1,1957,0,N
0,1,0,0,0,1957,1,N
0,0,0,0,0,1957,1,N
0,1,0,0,0,1957,0,N
0,0,0,0,0,1957,0,N
0,0,0,0,0,1957,0,N
0,0,0,0,0,1957,0,N
0,1,0,0,0,1957,0,N
0,1,0,0,1,1957,0,N
0,1,0,0,0,1957,0,N
0,1,0,0,0,1957,0,N
0,1,0,0,0,1957,1,N
0,1,0,0,0,1957,0,N
0,0,0,0,1,1957,0,N
0,1,0,0,1,1957,0,N
0,0,0,0,0,1957,0,N
0,0,0,0,0,1957,0,N
0,1,0,0,0,1957,0,N
0,1,0,0,0,1957,0,N
0,0,0,0,1,1957,0,N
0,1,0,0,0,1957,0,N
0,0,0,0,0,1957,0,N
0,1,0,0,0,1957,0,N
0,1,0,0,0,1957,0,N
0,0,0,0,0,1957,0,N
0,1,0,0,0,1957,0,N
0,0,0,0,0,1957,0,N
0,1,0,0,1,1957,0,N
0,1,0,0,0,1957,0,N
0,1,0,0,0,1957,1,N
0,1,1,0,0,1958,0,N
0,0,0,0,0,1958,0,N
0,1,0,0,1,1958,1,N
0,0,0,0,1,1958,0,N
0,0,0,0,0,1958,0,N
0,1,0,0,1,1958,0,N
0,1,0,0,0,1958,0,N
0,1,1,0,0,1958,1,N
0,1,0,0,0,1958,0,N
0,0,0,0,0,1958,0,N
0,1,0,0,1,1958,1,N
0,0,0,0,0,1958,0,N
0,1,0,0,0,1958,1,N
0,1,0,0,0,1958,0,N
0,1,0,0,0,1958,0,N
0,0,0,0,0,1958,0,N
0,1,0,0,0,1958,0,N
0,1,0,0,0,1958,0,N
0,1,0,0,0,1958,0,N
0,1,0,0,0,1958,0,N
0,0,0,0,0,1958,1,N
0,1,0,0,0,1958,0,N
0,0,0,0,0,1958,0,N
0,1,0,0,1,1958,0,N
0,1,0,0,0,1958,0,N
0,1,0,0,1,1958,0,N
0,1,0,0,1,1958,1,N
0,1,0,0,1,1958,1,N
0,0,0,0,0,1958,0,N
0,1,0,0,0,1958,0,N
0,0,0,0,0,1958,0,N
0,0,0,0,1,1958,0,N
0,0,0,0,1,1958,0,N
0,0,0,0,0,1958,0,N
0,0,0,0,0,1958,0,N
0,1,0,0,1,1958,0,N
0,0,0,0,0,1958,0,N
0,0,0,0,1,1958,0,N
0,1,0,0,1,1958,0,N
0,1,0,0,1,1958,0,N
0,0,0,0,0,1958,0,N
0,0,0,0,0,1958,0,N
0,0,0,0,0,1958,0,N
0,0,0,0,0,1958,0,N
0,1,0,0,0,1958,0,N
0,1,0,0,0,1958,0,N
0,0,0,0,0,1958,0,N
0,1,0,0,0,1958,1,N
0,0,0,0,0,1958,0,N
0,1,0,0,0,1958,0,N
0,0,0,0,1,1958,0,N
0,1,0,0,0,1958,0,N
0,0,0,0,0,1958,0,N
0,1,0,0,0,1958,0,N
0,0,0,0,1,1958,0,N
0,1,0,0,0,1958,0,N
0,1,0,0,0,1958,1,N
0,1,0,0,0,1958,1,N
0,1,0,0,0,1958,0,N
0,1,0,0,0,1958,0,N
0,1,0,0,0,1958,0,N
0,1,0,0,0,1958,1,N
0,0,0,0,0,1958,0,N
0,0,0,0,0,1958,0,N
0,0,0,0,0,1958,0,N
0,0,0,0,0,1958,0,N
0,0,0,0,0,1958,1,N
0,1,0,0,1,1958,0,N
0,0,0,0,0,1958,0,N
0,0,0,0,0,1958,0,N
0,0,0,0,0,1958,1,N
0,1,0,0,1,1958,0,N
0,0,0,0,0,1958,0,N
0,1,0,0,0,1958,0,N
0,0,0,0,1,1958,1,N
0,1,1,0,0,1958,0,N
0,1,0,0,0,1958,0,N
0,1,0,0,0,1958,1,N
0,1,0,0,1,1958,0,N
0,0,0,0,0,1958,0,N
0,1,0,0,0,1958,0,N
0,0,0,0,1,1958,1,N
0,1,0,0,0,1958,0,N
0,0,0,0,0,1958,0,N
0,0,0,0,0,1958,0,N
0,1,1,0,0,1958,0,N
0,1,0,0,0,1958,1,N
0,0,0,0,0,1958,0,N
0,1,0,0,1,1958,0,N
0,1,0,0,0,1958,0,N
0,1,0,0,0,1958,0,N
0,1,1,0,0,1958,0,N
0,0,0,0,1,1958,0,N
0,0,0,0,0,1958,0,N
0,1,0,0,1,1958,0,N
0,0,0,0,1,1958,0,N
0,1,0,0,0,1958,0,N
0,1,0,0,1,1958,0,N
0,0,0,0,0,1958,0,N
0,1,0,0,1,1958,0,N
0,0,0,0,0,1959,0,N
0,1,1,0,1,1959,1,N
0,0,0,0,0,1959,0,N
0,0,0,0,0,1959,0,N
0,0,0,0,1,1959,0,N
0,0,0,0,0,1959,0,N
0,0,0,0,0,1959,0,N
0,1,0,0,1,1959,0,N
0,1,0,0,1,1959,1,N
0,0,0,0,0,1959,0,N
0,1,0,0,1,1959,1,N
0,0,0,0,0,1959,0,N
0,1,0,0,0,1959,0,N
0,0,0,0,0,1959,0,N
0,1,0,0,0,1959,0,N
0,1,0,0,0,1959,0,N
0,1,0,0,0,1959,1,N
0,1,0,0,1,1959,0,N
0,1,0,0,0,1959,0,N
0,0,0,0,0,1959,0,N
0,1,0,0,0,1959,0,N
0,1,0,0,1,1959,0,N
0,0,0,0,0,1959,0,N
0,1,0,0,1,1959,0,N
0,0,0,0,0,1959,0,N
0,0,0,0,0,1959,0,N
0,0,0,0,0,1959,0,N
0,1,0,0,0,1959,0,N
0,0,0,0,0,1959,1,N
0,0,0,0,0,1959,0,N
0,1,0,0,1,1959,0,N
0,0,0,0,0,1959,0,N
0,1,0,0,1,1959,0,N
0,1,0,0,1,1959,0,N
0,1,0,0,1,1959,1,N
0,0,0,0,0,1959,1,N
0,0,0,0,0,1959,0,N
0,0,0,0,0,1959,1,N
0,1,0,0,0,1959,0,N
0,0,0,0,0,1959,0,N
0,1,0,0,0,1959,0,N
0,1,0,0,1,1959,1,N
0,1,0,0,0,1959,1,N
0,1,0,0,0,1959,1,N
0,0,0,0,1,1959,0,N
0,1,0,0,0,1959,0,N
0,1,0,0,0,1959,1,N
0,1,1,0,1,1959,0,N
0,0,0,0,0,1959,0,N
0,1,0,0,1,1959,1,N
0,1,0,0,1,1959,0,N
0,1,0,0,1,1959,0,N
0,1,0,0,1,1959,0,N
0,1,0,0,1,1959,0,N
0,0,0,0,0,1959,0,N
0,0,0,0,0,1959,0,N
0,1,0,0,0,1959,0,N
0,1,0,0,0,1959,1,N
0,0,0,0,0,1959,0,N
0,0,0,0,0,1959,0,N
0,1,0,0,0,1959,1,N
0,1,0,0,1,1959,1,N
0,0,0,0,0,1959,0,N
0,1,0,0,1,1959,0,N
0,1,0,0,1,1959,0,N
0,1,0,0,0,1959,0,N
0,1,0,0,0,1959,1,N
0,1,0,0,1,1959,0,N
0,1,0,0,1,1959,0,N
0,0,0,0,0,1959,0,N
0,0,0,0,0,1959,0,N
0,0,0,0,0,1959,0,N
0,0,0,0,0,1959,0,N
0,1,0,0,1,1959,1,N
0,1,0,0,0,1959,0,N
0,0,0,0,0,1959,0,N
0,0,0,0,0,1959,0,N
0,1,0,0,0,1959,0,N
0,1,0,0,1,1959,0,N
0,1,0,0,1,1959,1,N
0,1,0,0,0,1959,0,N
0,1,0,0,0,1959,0,N
0,1,0,0,1,1959,0,N
0,1,0,0,1,1959,0,N
0,0,0,0,1,1959,0,N
0,0,0,0,1,1959,0,N
0,0,0,0,1,1959,0,N
0,0,0,0,0,1959,0,N
0,1,0,0,1,1959,0,N
0,1,0,0,0,1959,0,N
0,0,0,0,0,1959,0,N
0,0,0,0,0,1959,0,N
0,1,0,0,1,1959,0,N
0,0,0,0,0,1959,0,N
0,0,0,0,0,1959,0,N
0,1,0,0,0,1960,0,N
0,1,0,0,1,1960,0,N
0,0,0,0,0,1960,0,N
0,0,0,0,0,1960,0,N
0,0,0,0,0,1960,0,N
0,0,0,0,0,1960,0,N
0,1,0,0,0,1960,0,N
0,1,0,0,0,1960,0,N
0,1,0,0,1,1960,0,N
0,0,0,0,1,1960,0,N
0,1,0,0,0,1960,0,N
0,1,1,0,0,1960,0,N
0,1,0,0,0,1960,0,N
0,1,0,0,1,1960,0,N
0,1,0,0,0,1960,0,N
0,0,0,0,0,1960,0,N
0,1,0,0,1,1960,1,N
0,0,0,0,0,1960,0,N
0,1,0,0,0,1960,1,N
0,1,0,0,0,1960,1,N
0,0,0,0,0,1960,0,N
0,0,0,0,0,1960,0,N
0,0,0,0,0,1960,0,N
0,1,0,1,0,1960,0,N
0,0,0,0,0,1960,0,N
0,1,0,0,0,1960,1,N
0,1,1,0,0,1960,0,N
0,1,0,0,0,1960,0,N
0,1,0,0,1,1960,0,N
0,1,0,0,0,1960,0,N
0,0,0,0,0,1960,0,N
0,0,0,0,0,1960,0,N
0,0,0,0,0,1960,0,N
0,1,0,0,1,1960,1,N
0,0,0,0,0,1960,1,N
0,1,0,0,0,1960,0,N
0,1,0,0,1,1960,0,N
0,1,0,0,0,1960,0,N
0,0,0,0,0,1960,0,N
0,1,0,0,1,1960,1,N
0,1,0,0,0,1960,1,N
0,0,0,0,0,1960,0,N
0,1,0,0,0,1960,0,N
0,0,0,0,0,1960,0,N
0,1,0,0,0,1960,0,N
0,0,0,0,0,1960,0,N
0,1,0,0,1,1960,0,N
0,1,0,0,0,1960,0,N
0,0,0,0,0,1960,1,N
0,0,0,0,0,1960,0,N
0,0,0,0,0,1960,0,N
0,1,0,0,0,1960,0,N
0,0,0,0,0,1960,1,N
0,1,0,0,0,1960,0,N
0,1,0,0,0,1960,0,N
0,0,0,0,0,1960,0,N
0,1,0,1,1,1960,0,N
0,0,0,0,0,1960,0,N
0,1,1,0,0,1960,0,N
0,1,0,0,0,1960,0,N
0,1,1,0,0,1960,0,N
0,1,0,0,1,1960,0,N
0,1,0,0,1,1960,1,N
0,1,1,0,1,1960,1,N
0,0,0,0,1,1960,0,N
0,0,0,0,0,1960,1,N
0,1,0,0,1,1960,0,N
0,1,0,0,0,1960,1,N
0,1,0,0,0,1960,0,N
0,0,0,0,0,1960,0,N
0,1,1,0,0,1960,0,N
0,1,0,0,0,1960,1,N
0,1,0,0,0,1960,0,N
0,1,1,0,0,1960,0,N
0,1,1,0,1,1960,1,N
0,0,0,0,0,1960,1,N
0,0,0,0,0,1960,0,N
0,1,0,0,0,1960,0,N
0,1,0,0,0,1960,0,N
0,1,0,0,1,1960,0,N
0,1,0,0,1,1960,1,N
0,1,0,0,0,1960,0,N
0,0,0,0,0,1960,0,N
0,1,0,0,0,1960,0,N
0,1,0,0,0,1960,0,N
0,0,0,0,0,1960,0,N
0,0,0,0,0,1960,0,N
0,1,0,0,1,1960,0,N
0,1,0,0,1,1960,0,N
0,0,0,0,0,1960,0,N
0,1,0,0,0,1960,1,N
0,1,0,0,0,1960,1,N
0,0,0,0,0,1960,0,N
0,1,1,0,0,1960,0,N
0,1,0,0,0,1961,0,N
0,1,0,0,1,1961,0,N
0,0,0,0,1,1961,0,N
0,1,0,1,0,1961,0,N
0,0,0,0,0,1961,0,N
0,1,0,0,1,1961,0,N
0,0,0,0,0,1961,0,N
0,1,0,0,0,1961,0,N
0,1,0,0,1,1961,0,N
0,1,0,0,0,1961,0,N
0,1,0,0,0,1961,0,N
0,1,0,0,0,1961,0,N
0,0,0,0,0,1961,0,N
0,0,0,0,0,1961,0,N
0,1,0,0,0,1961,0,N
0,0,0,0,0,1961,1,N
0,1,0,0,0,1961,0,N
0,1,0,0,1,1961,0,N
1,0,0,0,0,1961,0,N
0,0,0,0,0,1961,0,N
0,1,0,0,0,1961,0,N
0,0,0,0,0,1961,1,N
0,1,0,0,0,1961,0,N
0,0,0,0,0,1961,0,N
0,1,0,0,0,1961,1,N
0,0,0,0,0,1961,1,N
0,0,0,0,0,1961,0,N
0,0,0,0,1,1961,0,N
0,0,0,0,0,1961,1,N
0,1,0,0,1,1961,0,N
0,0,0,0,0,1961,0,N
0,0,0,0,0,1961,0,N
0,1,0,0,0,1961,0,N
0,1,0,0,0,1961,0,N
0,1,0,0,1,1961,0,N
0,0,0,0,1,1961,1,N
0,1,0,0,1,1961,0,N
0,1,0,0,0,1961,0,N
0,1,0,0,1,1961,0,N
0,1,0,0,1,1961,0,N
0,1,0,0,1,1961,0,N
0,1,0,0,1,1961,0,N
0,1,0,0,0,1961,1,N
0,0,0,0,0,1961,0,N
0,1,0,0,1,1961,0,N
0,1,0,0,0,1961,0,N
0,0,0,0,0,1961,0,N
0,1,0,0,0,1961,0,N
0,1,0,0,1,1961,0,N
0,0,0,0,0,1961,0,N
0,1,0,0,1,1961,0,N
0,0,0,0,0,1961,1,N
0,1,0,0,0,1961,0,N
0,1,0,0,0,1961,1,N
0,1,0,0,1,1961,0,N
0,0,0,0,0,1961,0,N
0,1,0,0,0,1961,1,N
0,0,0,0,0,1961,1,N
0,1,1,0,1,1961,0,N
0,1,0,0,0,1961,0,N
0,0,0,0,1,1961,0,N
0,0,0,0,0,1961,1,N
0,0,0,0,0,1961,0,N
0,1,0,0,1,1961,0,N
0,1,0,0,0,1961,0,N
0,0,0,0,0,1961,0,N
0,1,1,0,1,1961,0,N
0,1,0,0,0,1961,0,N
0,0,0,0,0,1961,0,N
0,0,0,0,0,1961,0,N
0,1,0,0,0,1961,0,N
0,1,0,0,0,1961,1,N
0,0,0,0,0,1961,0,N
0,1,1,0,1,1961,0,N
0,0,0,0,0,1961,1,N
0,0,0,0,0,1961,0,N
0,1,0,0,0,1961,0,N
0,0,0,0,0,1961,0,N
0,1,0,0,0,1961,1,N
0,0,0,0,0,1961,0,N
0,0,0,0,0,1961,0,N
0,0,0,0,0,1961,0,N
0,1,0,0,1,1961,1,N
0,0,0,0,0,1961,1,N
0,0,0,0,0,1961,0,N
0,1,0,0,0,1961,1,N
0,1,0,0,0,1961,0,N
0,0,0,0,0,1961,0,N
0,0,0,0,0,1961,0,N
0,1,0,0,1,1961,0,N
0,0,0,0,0,1961,1,N
0,0,0,0,0,1961,0,N
0,1,0,0,1,1961,0,N
0,0,0,0,0,1961,0,N
0,1,0,0,0,1961,0,N
0,1,0,0,0,1961,1,N
0,1,0,0,1,1961,0,N
0,1,0,0,0,1961,1,N
0,1,0,0,1,1961,0,N
0,0,0,0,0,1961,0,N
0,1,0,1,0,1961,0,N
0,1,0,0,1,1961,0,N
0,1,0,0,1,1961,0,N
0,1,1,0,0,1962,0,N
0,1,0,0,1,1962,1,N
0,1,0,0,0,1962,0,N
0,1,0,0,0,1962,1,N
0,1,0,0,1,1962,0,N
0,1,0,0,0,1962,0,N
0,1,0,0,0,1962,1,N
0,1,0,0,1,1962,0,N
0,0,0,0,1,1962,1,N
2,1,0,0,0,1962,0,N
0,1,0,0,1,1962,0,N
0,1,0,0,1,1962,0,N
0,1,0,0,0,1962,1,N
0,1,0,0,1,1962,0,N
0,1,0,0,1,1962,0,N
0,1,0,0,0,1962,0,N
0,1,0,0,0,1962,0,N
0,1,0,0,1,1962,1,N
0,0,0,0,0,1962,1,N
0,0,0,0,0,1962,0,N
0,1,0,0,1,1962,1,N
0,1,0,0,1,1962,0,N
0,1,0,0,0,1962,0,N
0,1,0,0,1,1962,0,N
0,1,0,0,0,1962,0,N
0,1,0,0,0,1962,0,N
0,1,0,0,0,1962,0,N
0,0,0,0,1,1962,0,N
0,1,1,0,1,1962,1,N
0,1,0,0,0,1962,0,N
0,1,0,0,0,1962,0,N
0,1,0,0,1,1962,0,N
0,1,0,0,1,1962,0,N
0,0,0,0,0,1962,1,N
0,1,0,0,0,1962,0,N
0,1,0,0,0,1962,0,N
0,0,0,0,1,1962,0,N
0,0,0,0,1,1962,0,N
0,1,0,0,1,1962,0,N
0,0,0,0,0,1962,0,N
0,1,0,0,0,1962,0,N
0,0,0,0,0,1962,1,N
0,1,0,0,0,1962,0,N
0,1,0,0,0,1962,0,N
0,0,0,0,0,1962,0,N
0,1,0,0,1,1962,0,N
0,1,0,0,1,1962,1,N
0,1,0,0,0,1962,0,N
0,1,0,0,0,1962,1,N
0,0,0,0,0,1962,0,N
0,1,0,0,0,1962,0,N
0,1,0,0,1,1962,1,N
0,0,0,0,0,1962,0,N
0,1,0,0,0,1962,0,N
0,0,0,0,0,1962,1,N
0,1,0,0,0,1962,0,N
0,1,0,0,1,1962,0,N
0,0,0,0,0,1962,0,N
2,1,0,0,0,1962,0,N
0,1,0,0,0,1962,0,N
0,1,0,0,0,1962,0,N
0,1,0,1,0,1962,0,N
0,1,0,0,0,1962,0,N
0,0,0,0,0,1962,1,N
0,1,0,0,0,1962,1,N
0,1,0,0,0,1962,0,N
0,1,0,0,0,1962,1,N
0,1,0,0,0,1962,1,N
0,1,0,0,0,1962,0,N
0,1,0,0,0,1962,0,N
0,0,0,0,0,1962,0,N
0,0,0,0,0,1962,1,N
0,1,0,0,0,1962,0,N
0,0,0,0,0,1962,0,N
0,1,0,0,0,1962,0,N
0,1,0,1,1,1962,0,N
0,1,0,0,0,1962,0,N
0,1,0,0,0,1962,1,N
0,0,0,1,0,1962,0,N
0,1,0,0,0,1962,0,N
0,1,0,0,0,1962,1,N
0,1,0,0,1,1962,0,N
0,1,0,0,1,1962,1,N
0,0,0,0,1,1962,0,N
2,1,0,0,0,1962,0,N
0,1,0,0,0,1962,0,N
0,1,0,0,0,1962,0,N
0,1,0,0,0,1962,1,N
0,1,0,0,0,1962,1,N
0,0,0,0,0,1962,0,N
0,1,0,0,1,1962,1,N
0,1,0,0,0,1962,0,N
0,1,0,0,0,1963,0,N
0,1,0,0,0,1963,1,N
0,1,1,0,0,1963,0,N
0,1,1,0,0,1963,0,N
0,0,0,0,0,1963,0,N
0,1,0,0,0,1963,0,N
0,1,0,0,0,1963,0,N
0,1,1,0,0,1963,0,N
0,1,0,0,0,1963,0,N
0,1,0,0,0,1963,0,N
0,1,0,0,0,1963,1,N
0,1,0,0,1,1963,0,N
0,0,0,0,1,1963,1,N
0,0,0,0,1,1963,0,N
0,1,0,0,0,1963,0,N
0,1,1,0,1,1963,0,N
0,1,0,0,0,1963,0,N
0,1,0,0,1,1963,0,N
0,1,0,0,0,1963,0,N
0,0,0,0,1,1963,0,N
0,1,0,0,1,1963,0,N
0,1,0,0,0,1963,0,N
0,0,0,0,0,1963,0,N
0,1,0,0,1,1963,0,N
0,0,0,0,0,1963,0,N
0,0,0,0,1,1963,0,N
0,1,0,0,0,1963,0,N
0,1,0,0,1,1963,0,N
0,0,0,0,1,1963,0,N
0,1,0,0,1,1963,0,N
0,1,0,0,1,1963,0,N
0,1,0,0,0,1963,0,N
1,1,0,0,0,1963,0,N
0,1,0,0,1,1963,0,N
2,1,0,0,0,1963,1,N
0,0,0,0,1,1963,0,N
0,1,0,0,0,1963,0,N
0,1,0,0,1,1963,1,N
0,1,1,1,1,1963,0,N
0,1,0,0,0,1963,0,N
0,1,1,1,0,1963,0,N
0,1,0,0,1,1963,0,N
0,1,0,0,1,1963,0,N
0,1,0,0,0,1963,0,N
0,1,0,0,0,1963,0,N
0,1,1,0,0,1963,0,N
0,1,0,0,1,1963,0,N
0,1,1,0,0,1963,1,N
0,1,0,0,0,1963,0,N
0,1,0,0,1,1963,1,N
0,1,1,0,0,1963,0,N
0,1,1,0,0,1963,0,N
0,1,0,0,0,1963,0,N
0,1,0,0,1,1963,0,N
0,1,0,0,0,1963,0,N
0,1,0,0,0,1963,1,N
0,1,0,0,0,1963,0,N
0,0,0,0,0,1963,0,N
0,0,0,0,0,1963,0,N
0,1,0,0,0,1963,0,N
0,1,0,0,0,1963,0,N
0,1,0,0,1,1963,0,N
0,0,0,0,0,1963,0,N
0,0,0,0,0,1963,1,N
0,1,0,0,0,1963,1,N
0,1,0,0,0,1963,0,N
0,1,0,0,0,1963,0,N
0,1,0,0,0,1963,0,N
0,1,0,1,1,1963,0,N
0,0,0,0,1,1963,0,N
0,1,0,0,0,1963,0,N
0,0,0,0,0,1963,1,N
0,1,0,0,0,1963,0,N
0,1,0,0,1,1963,0,N
0,1,0,0,1,1963,0,N
0,1,0,0,1,1963,0,N
0,0,0,0,0,1963,0,N
0,1,0,0,0,1963,1,N
0,1,0,0,1,1963,0,N
2,1,0,1,0,1963,1,N
0,1,0,0,1,1963,0,N
0,1,0,0,0,1963,0,N
0,0,0,0,0,1963,0,N
0,1,0,0,0,1963,0,N
0,1,0,0,1,1963,0,N
0,1,0,0,1,1963,1,N
0,1,0,0,0,1963,0,N
0,1,0,0,1,1963,1,N
0,1,0,0,0,1963,0,N
0,1,0,0,1,1963,0,N
0,1,0,0,0,1963,1,N
0,0,0,0,1,1963,0,N
0,1,0,0,0,1963,0,N
0,1,0,0,0,1963,0,N
0,1,1,0,1,1963,0,N
0,1,0,0,1,1963,0,N
0,1,0,0,0,1963,0,N
0,1,0,0,1,1963,0,N
0,1,0,0,1,1963,0,N
0,1,0,0,0,1963,0,N
0,1,0,0,0,1963,0,N
0,1,1,0,1,1964,0,N
0,1,1,0,0,1964,0,N
0,1,0,0,1,1964,0,N
0,1,0,0,1,1964,0,N
0,1,0,0,1,1964,0,N
0,1,1,0,0,1964,0,N
0,1,1,0,0,1964,0,N
0,1,0,0,1,1964,0,N
0,1,0,0,0,1964,0,N
0,1,0,0,0,1964,0,N
0,0,0,0,1,1964,0,N
0,1,0,0,1,1964,0,N
0,1,0,0,0,1964,0,N
0,1,0,0,1,1964,0,N
0,1,1,0,0,1964,1,N
0,0,0,0,1,1964,0,N
0,1,0,0,1,1964,0,N
0,1,0,0,0,1964,0,N
0,1,0,0,0,1964,1,N
0,1,1,0,1,1964,1,N
0,1,0,0,0,1964,0,N
0,1,0,0,1,1964,0,N
0,1,0,1,0,1964,0,N
0,1,0,0,0,1964,0,N
0,1,0,1,0,1964,0,N
0,1,0,0,0,1964,0,N
0,1,1,0,0,1964,0,N
0,1,0,0,1,1964,0,N
0,0,0,0,0,1964,0,N
0,1,0,0,0,1964,0,N
0,1,0,0,1,1964,0,N
0,1,0,0,0,1964,0,N
0,1,0,0,1,1964,0,N
0,1,1,0,0,1964,1,N
0,0,0,0,1,1964,1,N
0,1,1,1,0,1964,0,N
0,1,0,0,0,1964,0,N
0,1,0,0,1,1964,0,N
0,0,0,0,0,1964,1,N
0,1,0,0,1,1964,0,N
0,1,0,0,0,1964,1,N
0,1,0,0,0,1964,0,N
0,0,0,0,0,1964,0,N
0,1,0,0,0,1964,0,N
0,1,0,0,0,1964,0,N
0,1,1,0,1,1964,0,N
0,0,0,0,0,1964,0,N
0,0,0,0,0,1964,1,N
0,1,0,0,0,1964,0,N
0,0,0,0,0,1964,1,N
0,1,1,0,0,1964,1,N
0,0,0,0,0,1964,0,N
0,1,1,0,0,1964,0,N
0,1,0,0,0,1964,0,N
0,1,0,0,1,1964,0,N
0,1,0,0,0,1964,0,N
0,1,0,0,0,1964,1,N
0,0,0,0,0,1964,0,N
0,1,0,0,0,1964,1,N
0,0,0,0,1,1964,0,N
0,1,0,0,0,1964,0,N
0,1,1,0,1,1964,0,N
0,0,0,0,0,1964,1,N
0,0,0,0,0,1964,0,N
0,1,0,0,0,1964,1,N
0,1,0,0,0,1964,1,N
0,1,0,0,1,1964,0,N
0,1,1,0,0,1964,0,N
0,0,0,0,1,1964,0,N
0,1,0,0,0,1964,0,N
0,1,0,0,0,1964,0,N
0,1,0,0,1,1964,1,N
0,1,0,0,0,1964,1,N
0,1,0,0,1,1964,0,N
2,1,0,0,0,1964,0,N
0,1,0,0,0,1964,0,N
0,1,0,0,1,1964,0,N
0,1,0,0,1,1964,0,N
0,0,0,0,1,1964,0,N
0,0,0,0,0,1964,0,N
0,1,0,0,0,1964,1,N
0,0,0,0,0,1964,0,N
0,1,0,0,1,1964,1,N
0,1,0,0,0,1964,1,N
0,1,0,0,1,1964,0,N
0,1,0,0,0,1964,1,N
0,0,0,0,0,1964,0,N
0,0,0,0,0,1964,0,N
0,0,0,0,1,1964,0,N
0,1,0,0,0,1964,0,N
0,1,0,0,1,1964,0,N
0,1,1,0,1,1964,0,N
0,1,0,0,0,1964,0,N
0,1,0,0,0,1964,0,N
0,0,0,0,0,1964,0,N
0,1,0,0,0,1964,0,N
0,1,0,0,1,1964,0,N
0,1,0,0,0,1964,0,N
0,1,1,0,0,1964,0,N
0,0,0,0,1,1964,0,N
0,1,1,0,0,1964,0,N
0,1,0,1,0,1964,0,N
0,1,0,0,1,1964,1,N
0,1,0,1,1,1964,0,N
0,0,0,0,0,1964,0,N
0,1,0,0,0,1964,0,N
0,1,0,0,1,1964,0,N
0,1,0,0,0,1964,0,N
0,1,0,0,0,1964,0,N
0,1,0,0,1,1964,1,N
0,1,0,0,1,1964,0,N
0,0,0,0,0,1965,0,N
0,1,0,0,0,1965,1,N
0,0,0,0,0,1965,1,N
0,0,0,0,0,1965,0,N
0,1,0,0,0,1965,0,N
0,0,0,0,0,1965,1,N
0,0,0,0,0,1965,0,N
0,1,0,0,1,1965,0,N
0,1,0,0,0,1965,0,N
0,1,1,0,0,1965,0,N
0,0,0,0,1,1965,0,N
0,1,0,0,1,1965,0,N
0,1,1,0,1,1965,1,N
0,1,0,0,1,1965,0,N
0,1,0,0,1,1965,0,N
0,1,0,0,1,1965,0,N
0,1,1,0,1,1965,0,N
0,0,0,0,0,1965,1,N
0,1,0,0,1,1965,0,N
0,1,0,0,1,1965,0,N
0,1,0,1,1,1965,0,N
0,1,0,0,0,1965,0,N
0,0,0,0,0,1965,1,N
0,1,0,0,1,1965,0,N
0,0,0,0,0,1965,0,N
0,0,0,0,1,1965,1,N
0,1,0,0,1,1965,0,N
0,0,0,0,1,1965,0,N
0,1,0,0,1,1965,0,N
0,0,0,0,0,1965,0,N
0,0,0,0,0,1965,0,N
0,1,1,0,1,1965,0,N
0,0,0,0,0,1965,1,N
0,0,0,1,0,1965,0,N
0,1,0,0,0,1965,0,N
0,1,0,1,0,1965,0,N
0,1,0,0,0,1965,0,N
0,1,0,0,1,1965,0,N
0,1,0,0,1,1965,1,N
0,0,0,0,0,1965,0,N
0,0,0,0,0,1965,0,N
0,1,0,0,0,1965,0,N
0,0,0,0,0,1965,0,N
0,1,0,0,1,1965,0,N
0,1,0,0,1,1965,1,N
3,0,0,0,1,1965,0,N
0,0,0,0,0,1965,0,N
0,1,1,0,1,1965,0,N
0,1,0,0,1,1965,0,N
0,1,0,0,0,1965,0,N
0,1,1,0,1,1965,0,N
0,1,0,0,0,1965,0,N
0,1,0,0,0,1965,0,N
0,0,0,0,1,1965,0,N
0,0,0,0,0,1965,0,N
0,1,0,0,1,1965,0,N
0,0,0,0,0,1965,0,N
0,0,0,0,0,1965,0,N
0,1,0,0,1,1965,0,N
0,0,0,0,1,1965,0,N
0,0,0,0,0,1965,0,N
0,1,0,0,1,1965,0,N
0,0,0,0,1,1965,0,N
0,1,0,0,0,1965,0,N
0,0,0,0,0,1965,0,N
0,0,0,0,0,1965,0,N
0,1,0,0,0,1965,0,N
0,1,1,0,1,1965,0,N
0,1,0,0,0,1965,0,N
2,1,0,0,1,1965,0,N
0,0,0,0,1,1965,0,N
0,1,0,0,1,1965,0,N
0,0,0,0,0,1965,1,N
0,0,0,0,1,1965,0,N
0,0,0,0,0,1965,0,N
0,0,0,0,0,1965,0,N
0,1,0,0,1,1965,1,N
0,1,1,0,1,1965,0,N
0,1,1,0,0,1965,1,N
0,1,0,0,0,1965,0,N
3,0,0,0,0,1965,0,P
0,1,0,0,1,1965,1,N
0,1,0,0,1,1965,0,N
0,1,0,0,0,1966,0,N
0,1,0,0,1,1966,0,N
0,0,0,0,0,1966,1,N
0,0,0,0,1,1966,0,N
0,1,0,0,0,1966,0,N
0,0,0,0,0,1966,0,N
0,0,0,0,0,1966,0,N
0,0,0,0,0,1966,0,N
0,1,0,0,1,1966,0,N
0,1,0,0,1,1966,0,N
0,1,0,0,1,1966,0,N
0,1,0,0,1,1966,0,N
0,1,0,0,1,1966,0,N
0,1,0,0,1,1966,0,N
0,0,0,0,0,1966,0,N
0,0,0,0,1,1966,1,N
0,1,0,0,1,1966,0,N
0,1,0,0,0,1966,0,N
0,0,0,0,0,1966,0,N
0,1,0,0,0,1966,0,N
0,0,0,0,0,1966,1,N
0,1,0,1,0,1966,0,N
0,1,0,0,0,1966,1,N
0,1,0,0,1,1966,0,N
2,1,0,0,1,1966,0,N
0,1,0,0,1,1966,0,N
0,1,1,0,1,1966,1,N
0,1,0,0,0,1966,0,N
6,1,0,0,1,1966,0,P
0,1,0,0,0,1966,0,N
0,1,0,0,0,1966,0,N
0,1,0,0,0,1966,0,N
0,0,0,0,0,1966,0,N
3,1,0,0,0,1966,0,P
0,1,0,0,0,1966,0,N
0,1,0,1,0,1966,0,N
0,1,0,0,1,1966,0,N
0,0,0,0,1,1966,0,N
0,1,0,0,0,1966,0,N
0,0,0,0,0,1966,0,N
0,0,0,0,0,1966,0,N
0,1,0,0,0,1966,1,N
0,1,0,0,0,1966,0,N
0,1,0,0,1,1966,0,N
0,1,0,0,1,1966,0,N
0,1,1,1,0,1966,0,N
0,1,0,0,0,1966,0,N
0,0,0,0,0,1966,0,N
0,1,0,0,0,1966,1,N
0,0,0,0,0,1966,0,N
0,0,0,0,0,1966,0,N
0,0,0,0,0,1966,0,N
0,1,0,0,0,1966,0,N
0,1,0,0,1,1966,0,N
0,0,0,0,0,1966,0,N
0,1,0,0,1,1966,0,N
0,0,0,0,0,1966,1,N
0,0,0,0,0,1966,0,N
0,1,1,0,0,1966,1,N
0,1,0,0,1,1966,0,N
0,0,0,0,0,1966,0,N
0,1,0,0,1,1966,0,N
0,0,0,0,0,1966,0,N
0,0,0,0,0,1966,0,N
0,0,0,0,0,1966,0,N
0,1,0,0,0,1966,1,N
0,1,0,0,0,1966,1,N
0,0,0,0,0,1966,0,N
0,1,0,0,1,1966,0,N
0,1,0,0,0,1966,0,N
0,0,0,0,1,1966,0,N
0,1,0,0,0,1966,0,N
0,1,0,0,0,1966,0,N
0,1,0,0,0,1966,0,N
0,0,0,0,1,1966,0,N
0,0,0,0,0,1966,0,N
0,0,0,0,0,1966,0,N
0,1,0,0,0,1966,1,N
0,1,1,0,1,1966,0,N
0,1,0,0,0,1966,0,N
0,1,0,0,0,1966,0,N
0,1,0,0,1,1966,0,N
0,0,0,0,0,1966,0,N
0,0,0,0,0,1966,0,N
0,0,0,0,0,1966,1,N
0,1,0,0,1,1966,0,N
0,1,0,0,0,1966,0,N
0,0,0,0,0,1966,1,N
0,1,0,1,0,1966,0,N
0,0,0,0,0,1966,0,N
0,1,0,0,0,1966,1,N
0,1,0,0,0,1966,0,N
0,1,0,0,0,1966,0,N
0,1,0,0,0,1966,0,N
0,0,0,0,0,1966,0,N
0,1,0,0,0,1966,0,N
0,0,0,0,0,1966,0,N
0,0,0,0,1,1966,0,N
3,1,0,0,0,1966,0,P
0,0,0,0,0,1966,0,N
0,0,0,0,0,1966,0,N
0,0,0,0,1,1966,1,N
0,1,0,0,0,1966,0,N
0,0,0,0,0,1966,0,N
0,0,0,0,1,1966,0,N
0,1,0,1,0,1966,0,N
0,0,0,0,0,1966,0,N
0,1,0,0,1,1966,0,N
0,1,0,0,1,1966,0,N
0,1,1,1,0,1966,0,N
0,1,0,0,0,1966,0,N
0,1,0,0,1,1966,0,N
0,1,0,0,0,1966,0,N
0,1,0,0,1,1966,1,N
0,1,0,0,0,1966,0,N
0,1,0,0,1,1966,1,N
0,1,0,0,0,1966,0,N
2,1,0,0,0,1966,0,N
0,0,0,0,0,1967,0,N
0,1,1,0,1,1967,0,N
0,1,1,1,0,1967,0,N
0,0,0,0,0,1967,0,N
0,0,0,0,1,1967,0,N
0,1,0,0,1,1967,0,N
0,1,0,0,0,1967,0,N
0,0,0,0,1,1967,0,N
0,1,0,0,0,1967,1,N
0,1,0,0,0,1967,1,N
0,0,0,0,0,1967,0,N
0,0,0,0,1,1967,0,N
0,0,0,0,1,1967,1,N
0,1,0,0,0,1967,0,N
3,1,0,0,0,1967,0,P
0,1,1,0,0,1967,0,N
0,1,0,0,1,1967,0,N
0,1,0,0,0,1967,0,N
0,1,0,0,0,1967,0,N
0,0,0,0,1,1967,0,N
0,1,0,0,1,1967,0,N
0,0,0,0,0,1967,0,N
0,0,0,0,0,1967,0,N
0,0,0,0,0,1967,0,N
2,1,0,0,1,1967,0,N
0,1,0,0,1,1967,0,N
0,1,0,0,0,1967,0,N
0,0,0,0,0,1967,0,N
0,1,0,0,0,1967,1,N
0,1,0,0,0,1967,1,N
0,1,0,0,1,1967,0,N
0,1,0,0,1,1967,0,N
0,0,0,0,1,1967,0,N
0,0,0,0,0,1967,0,N
0,0,0,0,0,1967,0,N
0,1,1,1,0,1967,0,N
0,1,0,0,0,1967,0,N
0,1,0,0,1,1967,1,N
0,1,0,0,0,1967,0,N
0,1,0,0,0,1967,0,N
0,0,0,0,0,1967,0,N
0,1,0,0,1,1967,0,N
0,1,0,0,1,1967,0,N
0,1,0,0,0,1967,0,N
0,1,0,0,1,1967,0,N
0,1,1,1,0,1967,0,N
0,0,0,0,0,1967,0,N
0,1,0,0,1,1967,1,N
0,1,0,0,0,1967,0,N
0,1,0,0,1,1967,0,N
0,1,0,0,0,1967,1,N
0,0,0,0,0,1967,0,N
0,1,0,0,0,1967,0,N
0,1,0,0,1,1967,0,N
0,0,0,0,1,1967,0,N
0,1,0,0,1,1967,0,N
0,1,0,0,0,1967,0,N
0,1,0,0,0,1967,0,N
0,1,0,0,0,1967,0,N
0,0,0,0,0,1967,0,N
4,0,0,0,0,1967,1,N
0,1,0,0,1,1967,0,N
0,1,0,0,0,1967,0,N
0,1,0,0,0,1967,0,N
0,1,0,0,0,1967,1,N
0,1,0,0,0,1967,0,N
0,1,0,0,0,1967,0,N
0,1,0,0,0,1967,0,N
0,1,0,0,0,1967,0,N
0,0,0,0,0,1967,0,N
0,0,0,0,0,1967,0,N
0,1,0,0,1,1967,0,N
0,1,0,0,0,1967,0,N
0,1,0,0,0,1967,0,N
0,1,0,0,1,1967,0,N
0,1,1,0,1,1967,0,N
0,0,0,0,0,1967,0,N
0,1,0,0,1,1967,0,N
0,1,0,0,1,1967,1,N
0,1,1,0,0,1967,0,N
4,0,0,0,0,1967,0,N
0,0,0,0,0,1967,0,N
0,1,0,0,0,1967,0,N
0,1,0,0,1,1967,0,N
0,1,0,0,1,1967,0,N
0,1,1,0,0,1967,1,N
0,1,0,0,1,1967,0,N
0,0,0,0,0,1967,0,N
0,1,0,1,0,1967,0,N
0,1,1,0,0,1967,0,N
0,1,0,0,0,1967,1,N
0,1,0,0,1,1967,0,N
0,1,0,0,0,1967,0,N
0,1,0,0,1,1967,0,N
0,0,0,0,0,1967,0,N
0,0,0,0,0,1967,0,N
0,1,0,0,0,1967,1,N
0,0,0,1,0,1967,1,N
0,1,0,0,1,1967,0,N
0,1,0,0,1,1967,1,N
0,1,0,0,0,1967,0,N
0,1,0,0,1,1967,0,N
0,0,0,0,0,1967,0,N
0,1,0,0,0,1967,0,N
0,1,0,0,0,1967,0,N
0,0,0,0,1,1967,1,N
0,0,0,0,1,1967,0,N
0,1,0,0,0,1967,1,N
0,1,0,0,0,1967,0,N
0,1,0,0,1,1967,0,N
0,0,0,0,0,1967,1,N
0,1,0,0,0,1967,1,N
0,1,1,0,0,1967,0,N
0,1,0,1,0,1967,0,N
0,1,0,0,0,1967,0,N
0,0,0,0,0,1968,0,N
0,1,0,0,0,1968,0,N
0,0,0,0,0,1968,0,N
0,0,0,0,0,1968,0,N
0,1,0,0,1,1968,0,N
0,0,0,0,0,1968,0,N
0,0,0,0,0,1968,0,N
0,0,0,0,0,1968,0,N
0,1,0,0,0,1968,1,N
0,1,0,0,0,1968,0,N
0,1,1,0,0,1968,0,N
0,1,0,0,0,1968,0,N
0,0,0,0,0,1968,0,N
0,0,0,0,0,1968,0,N
0,1,0,0,0,1968,0,N
0,0,0,0,0,1968,0,N
0,0,0,0,0,1968,0,N
0,1,0,0,0,1968,0,N
0,0,0,0,0,1968,1,N
0,1,0,0,0,1968,0,N
0,0,0,0,0,1968,0,N
0,1,1,0,0,1968,0,N
0,1,0,0,0,1968,0,N
0,1,1,0,0,1968,0,N
0,1,1,0,0,1968,0,N
0,1,0,0,1,1968,0,N
0,0,0,0,0,1968,0,N
0,1,1,0,0,1968,0,N
0,0,0,0,1,1968,1,N
0,1,0,0,0,1968,1,N
0,1,0,1,1,1968,0,N
6,0,0,0,1,1968,0,P
0,1,0,0,0,1968,0,N
0,1,0,1,0,1968,0,N
0,1,0,1,1,1968,0,N
0,1,1,0,0,1968,0,N
0,1,0,0,1,1968,0,N
0,1,0,0,0,1968,1,N
0,1,0,1,0,1968,0,N
6,0,0,0,1,1968,0,P
0,1,0,0,0,1968,0,N
0,1,0,0,0,1968,1,N
0,0,0,0,1,1968,1,N
0,1,0,0,1,1968,0,N
0,1,0,0,0,1968,1,N
0,1,0,0,0,1968,0,N
0,0,0,0,0,1968,0,N
0,1,1,0,0,1968,0,N
0,1,0,0,0,1968,0,N
6,1,0,0,0,1968,0,N
0,1,0,0,0,1968,0,N
0,1,0,0,0,1968,0,N
0,1,0,0,1,1968,0,N
0,1,0,0,0,1968,1,N
0,1,0,0,1,1968,0,N
0,0,0,0,0,1968,0,N
0,1,1,0,0,1968,0,N
0,1,0,0,0,1968,0,N
0,1,0,0,1,1968,0,N
0,0,0,0,0,1968,0,N
0,0,0,0,0,1968,1,N
0,0,0,0,0,1968,1,N
0,1,0,0,0,1968,0,N
0,0,0,0,0,1968,0,N
0,1,0,0,1,1968,0,N
0,1,0,0,0,1968,1,N
0,1,0,1,0,1968,0,N
0,0,0,0,0,1968,1,N
0,0,0,0,0,1968,0,N
0,1,0,0,1,1968,0,N
0,0,0,0,0,1968,0,N
6,1,0,0,0,1968,0,N
0,1,0,0,0,1968,1,N
0,0,0,0,0,1968,0,N
0,1,0,0,0,1968,0,N
0,1,1,0,1,1968,1,N
0,1,0,0,0,1968,0,N
0,1,1,0,1,1968,0,N
0,1,0,0,1,1968,0,N
0,0,0,0,0,1968,0,N
0,1,0,1,0,1968,0,N
0,1,0,0,0,1968,0,N
0,0,0,0,0,1968,0,N
0,1,0,0,1,1968,1,N
3,1,0,0,1,1968,0,N
0,1,0,0,0,1968,0,N
0,0,0,0,0,1968,0,N
0,1,0,0,0,1968,0,N
0,0,0,0,0,1968,0,N
0,1,1,0,0,1968,0,N
0,1,0,0,0,1968,0,N
0,0,0,0,0,1968,0,N
0,1,0,0,0,1968,0,N
0,1,0,0,0,1968,0,N
0,1,0,0,1,1968,0,N
0,0,0,0,1,1968,0,N
0,1,0,0,1,1968,0,N
0,1,0,0,0,1968,0,N
0,0,0,0,0,1968,0,N
0,1,0,0,1,1968,0,N
0,0,0,0,0,1968,0,N
0,0,0,0,1,1968,1,N
0,0,0,0,0,1968,0,N
0,0,0,0,0,1968,0,N
0,1,0,0,1,1968,1,N
0,0,0,0,0,1968,0,N
0,1,0,0,1,1968,0,N
0,0,0,0,0,1968,0,N
0,0,0,0,1,1968,0,N
0,1,1,1,0,1968,0,N
0,0,0,0,1,1968,0,N
0,0,0,0,1,1968,0,N
0,1,0,0,0,1968,0,N
0,1,0,0,1,1968,0,N
0,1,0,0,0,1968,0,N
0,1,0,0,1,1968,0,N
0,1,0,0,1,1969,0,N
0,1,0,0,1,1969,0,N
0,1,0,0,1,1969,0,N
0,1,0,0,1,1969,1,N
0,1,0,0,0,1969,0,N
0,1,1,0,0,1969,1,N
0,0,0,0,0,1969,0,N
0,1,0,0,0,1969,0,N
0,1,0,0,1,1969,0,N
0,1,0,0,1,1969,0,N
0,1,0,0,0,1969,0,N
0,0,0,0,0,1969,0,N
0,0,0,0,1,1969,0,N
0,1,0,0,1,1969,0,N
0,0,0,0,0,1969,0,N
0,0,0,0,1,1969,0,N
0,1,1,1,1,1969,0,N
0,1,0,0,0,1969,1,N
0,0,0,0,0,1969,0,N
0,1,0,0,1,1969,1,N
0,1,0,0,1,1969,0,N
0,0,0,0,0,1969,0,N
0,0,0,0,1,1969,0,N
0,0,0,0,0,1969,0,N
0,0,0,0,0,1969,0,N
0,0,0,0,0,1969,0,N
0,1,0,0,1,1969,0,N
0,1,0,0,1,1969,0,N
0,1,0,0,0,1969,0,N
0,0,0,0,0,1969,1,N
0,1,0,0,0,1969,0,N
0,0,0,0,1,1969,0,N
0,1,0,0,0,1969,0,N
0,1,0,0,0,1969,1,N
0,1,0,0,1,1969,0,N
0,1,1,0,0,1969,1,N
0,1,1,0,0,1969,0,N
0,1,0,0,1,1969,0,N
0,1,0,0,0,1969,0,N
0,1,0,0,0,1969,0,N
0,1,0,0,0,1969,0,N
0,1,1,0,1,1969,0,N
0,1,0,0,1,1969,1,N
0,0,0,0,1,1969,0,N
0,0,0,0,1,1969,0,N
0,1,0,1,0,1969,0,N
3,0,0,0,0,1969,0,N
0,1,0,0,0,1969,0,N
0,1,0,0,0,1969,0,N
0,0,0,0,0,1969,0,N
0,1,0,0,0,1969,0,N
0,0,0,0,0,1969,0,N
0,1,0,0,1,1969,1,N
0,0,0,0,0,1969,0,N
0,0,0,0,0,1969,0,N
0,1,0,0,0,1969,1,N
0,1,0,1,0,1969,0,N
0,1,0,0,1,1969,0,N
0,1,0,0,0,1969,0,N
0,0,0,0,1,1969,0,N
0,1,0,0,1,1969,0,N
0,1,1,0,0,1969,1,N
0,1,1,1,0,1969,0,N
0,1,0,0,1,1969,0,N
0,0,0,0,1,1969,0,N
0,1,0,0,1,1969,0,N
0,1,1,0,0,1969,0,N
0,1,0,0,0,1969,1,N
0,1,0,0,0,1969,0,N
0,0,0,0,0,1969,0,N
0,1,1,0,0,1969,0,N
0,1,0,0,0,1969,0,N
0,1,1,0,0,1969,1,N
0,0,0,0,1,1969,0,N
0,1,1,0,1,1969,1,N
0,1,0,0,0,1969,0,N
2,1,0,0,0,1969,0,N
0,1,0,0,0,1969,0,N
0,1,0,0,1,1969,0,N
0,1,1,0,0,1969,1,N
0,1,0,0,0,1969,0,N
0,1,0,0,0,1969,0,N
0,1,0,0,0,1969,0,N
0,1,0,0,1,1969,0,N
0,1,1,0,0,1969,0,N
0,0,0,0,0,1969,0,N
0,1,0,0,1,1969,0,N
0,1,0,0,0,1969,0,N
0,0,0,0,1,1969,0,N
0,1,0,0,0,1969,0,N
0,1,0,0,0,1969,0,N
0,0,0,0,0,1969,0,N
0,1,1,0,0,1969,1,N
0,0,0,0,1,1969,0,N
0,1,0,0,0,1969,1,N
0,1,0,0,0,1969,0,N
0,0,0,0,1,1969,0,N
0,1,0,0,0,1969,1,N
0,1,0,0,1,1969,0,N
0,1,0,0,0,1969,0,N
0,0,0,0,0,1969,0,N
0,1,0,0,1,1969,0,N
0,1,0,0,1,1969,0,N
0,0,0,0,1,1969,0,N
0,0,0,0,0,1969,0,N
0,1,0,0,0,1969,0,N
0,1,0,0,0,1969,0,N
0,0,0,0,1,1969,0,N
0,0,0,0,0,1969,0,N
0,1,0,0,0,1969,1,N
0,0,0,0,1,1969,0,N
0,1,0,0,1,1969,0,N
0,0,0,0,0,1969,0,N
0,0,0,0,1,1970,0,N
0,1,0,0,0,1970,1,N
0,1,0,0,1,1970,1,N
0,0,0,0,1,1970,0,N
0,1,0,0,0,1970,1,N
0,1,0,0,0,1970,0,N
0,1,0,0,1,1970,0,N
0,1,0,0,0,1970,1,N
0,1,0,0,0,1970,0,N
0,1,0,0,0,1970,0,N
0,1,0,0,0,1970,0,N
0,1,0,0,1,1970,0,N
0,1,0,1,1,1970,0,N
0,0,0,0,0,1970,0,N
0,1,1,0,0,1970,0,N
0,1,0,0,0,1970,0,N
0,0,0,0,0,1970,0,N
0,1,1,0,0,1970,0,N
0,1,1,0,0,1970,0,N
0,0,0,0,1,1970,0,N
0,1,0,0,1,1970,0,N
0,0,0,0,1,1970,0,N
0,0,0,0,0,1970,0,N
0,1,0,0,0,1970,0,N
0,0,0,0,0,1970,0,N
0,0,0,0,0,1970,0,N
0,0,0,0,0,1970,0,N
0,1,1,0,1,1970,0,N
0,0,0,0,0,1970,0,N
0,1,1,0,0,1970,0,N
0,0,0,0,1,1970,0,N
0,0,0,0,0,1970,0,N
0,1,0,0,1,1970,0,N
0,1,0,0,1,1970,0,N
0,0,0,0,0,1970,0,N
0,1,0,0,1,1970,0,N
0,1,1,0,0,1970,0,N
0,1,1,0,0,1970,0,N
0,1,0,0,1,1970,0,N
0,0,0,0,0,1970,0,N
0,0,1,0,0,1970,0,N
0,1,0,0,0,1970,0,N
0,0,0,0,1,1970,1,N
0,0,0,0,0,1970,1,N
0,1,0,0,1,1970,0,N
0,1,0,0,1,1970,0,N
0,1,0,0,0,1970,1,N
0,1,0,0,1,1970,0,N
0,1,0,0,1,1970,1,N
0,1,0,0,0,1970,0,N
0,1,0,0,0,1970,0,N
0,0,0,0,1,1970,0,N
0,0,0,0,0,1970,0,N
0,0,0,0,1,1970,0,N
0,0,0,0,1,1970,0,N
0,1,0,0,0,1970,0,N
0,0,0,0,1,1970,0,N
0,0,0,0,0,1970,1,N
0,0,0,0,1,1970,0,N
0,0,0,0,0,1970,0,N
0,0,1,0,0,1970,0,N
0,1,0,0,0,1970,0,N
0,1,0,0,0,1970,0,N
0,0,0,0,0,1970,0,N
0,1,1,0,1,1970,0,N
0,0,0,0,0,1970,0,N
0,0,0,0,1,1970,0,N
0,0,0,0,1,1970,0,N
0,0,0,0,0,1970,0,N
0,1,0,0,0,1970,1,N
0,1,0,0,0,1970,0,N
0,1,0,0,0,1970,0,N
0,0,0,0,0,1970,0,N
0,1,0,0,0,1970,1,N
0,0,0,0,0,1970,0,N
0,1,0,0,0,1970,1,N
0,1,0,0,1,1970,0,N
0,1,0,0,0,1970,0,N
0,0,0,0,1,1970,0,N
0,0,0,0,0,1970,0,N
0,1,0,0,0,1970,1,N
0,1,0,0,0,1970,1,N
0,1,0,0,1,1970,0,N
0,1,0,0,0,1970,1,N
0,0,0,0,0,1970,0,N
0,0,0,1,0,1970,0,N
0,0,0,0,1,1970,0,N
0,0,0,0,0,1970,0,N
0,1,0,0,0,1970,0,N
0,0,0,0,0,1970,0,N
0,0,0,0,0,1970,0,N
0,1,0,0,0,1970,0,N
0,1,0,0,0,1971,0,N
0,1,0,0,1,1971,0,N
0,0,0,0,0,1971,0,N
0,1,0,0,0,1971,0,N
0,0,1,0,0,1971,0,N
0,0,0,0,0,1971,0,N
0,1,0,0,1,1971,0,N
0,1,0,0,0,1971,1,N
0,1,0,0,0,1971,0,N
0,1,0,0,1,1971,0,N
0,1,0,0,0,1971,0,N
0,0,0,0,1,1971,0,N
0,0,0,0,0,1971,0,N
0,1,0,0,1,1971,0,N
0,0,0,0,0,1971,0,N
0,0,0,0,0,1971,0,N
0,0,0,0,0,1971,0,N
0,0,0,0,1,1971,0,N
0,1,0,0,0,1971,0,N
0,0,0,0,1,1971,0,N
0,0,0,0,0,1971,0,N
0,0,0,0,0,1971,0,N
0,0,0,0,0,1971,0,N
0,1,0,0,0,1971,1,N
0,1,0,0,1,1971,0,N
0,0,0,0,0,1971,0,N
0,1,0,0,0,1971,1,N
0,1,0,0,1,1971,0,N
0,0,0,0,0,1971,0,N
0,0,0,0,0,1971,0,N
0,1,0,0,1,1971,0,N
0,1,0,0,1,1971,0,N
0,1,1,1,0,1971,0,N
0,1,1,0,0,1971,0,N
0,1,0,0,1,1971,1,N
0,0,0,0,1,1971,0,N
0,0,0,0,0,1971,0,N
0,1,0,0,1,1971,0,N
0,1,0,0,0,1971,1,N
0,0,0,0,0,1971,0,N
0,0,0,0,1,1971,0,N
0,0,0,0,1,1971,0,N
0,0,0,0,1,1971,0,N
0,1,0,0,0,1971,0,N
0,0,0,0,0,1971,0,N
0,0,0,0,0,1971,0,N
0,1,1,0,1,1971,0,N
0,1,0,1,1,1971,0,N
0,0,0,0,0,1971,0,N
0,1,1,0,1,1971,0,N
0,1,0,0,1,1971,0,N
0,0,0,0,0,1971,0,N
0,0,0,0,1,1971,0,N
0,0,0,0,0,1971,0,N
0,0,0,0,0,1971,0,N
0,0,0,0,0,1971,0,N
0,0,0,0,0,1971,0,N
0,1,0,0,0,1971,0,N
0,1,1,0,1,1971,0,N
0,1,0,0,1,1971,0,N
0,0,0,0,1,1971,1,N
0,0,0,0,0,1971,0,N
0,0,0,0,1,1971,0,N
0,1,0,0,0,1971,0,N
0,0,0,0,0,1971,0,N
0,1,1,0,1,1971,0,N
3,1,1,0,1,1971,0,N
0,0,0,0,0,1971,0,N
0,0,0,0,1,1971,0,N
0,1,0,0,1,1971,0,N
1,1,0,0,0,1971,0,N
1,1,0,0,0,1971,0,N
0,0,0,0,0,1971,0,N
0,1,0,0,0,1971,1,N
0,1,0,0,0,1971,0,N
0,0,0,0,0,1971,0,N
0,0,0,0,0,1971,0,N
0,1,0,0,1,1971,0,N
0,1,0,0,0,1971,1,N
0,1,0,0,1,1971,0,N
0,0,0,0,0,1971,0,N
0,0,0,0,1,1971,0,N
3,1,1,0,1,1971,0,N
0,0,0,0,1,1971,0,N
0,0,0,0,0,1971,0,N
0,0,0,0,0,1971,1,N
0,0,0,0,0,1971,0,N
0,0,0,0,0,1971,0,N
0,1,0,0,0,1971,0,N
0,0,1,0,0,1971,0,N
0,0,0,0,0,1971,0,N
0,0,0,0,0,1971,0,N
0,0,0,0,0,1971,0,N
0,0,0,0,0,1971,0,N
0,0,0,0,1,1971,0,N
0,0,0,0,0,1971,0,N
0,1,1,0,0,1971,0,N
0,1,0,0,0,1971,0,N
1,0,0,0,0,1971,0,N
0,1,1,0,0,1971,1,N
0,0,0,0,0,1971,1,N
0,0,0,0,0,1971,1,N
0,1,1,0,1,1971,1,N
0,0,0,0,0,1971,0,N
0,0,0,0,0,1971,0,N
0,0,0,0,0,1971,1,N
0,0,0,0,0,1971,0,N
0,1,0,0,0,1971,0,N
0,0,0,0,0,1971,0,N
0,0,0,0,0,1971,0,N
0,1,0,0,0,1971,0,N
0,0,0,0,1,1971,1,N
0,1,1,0,1,1971,0,N
0,1,0,0,0,1971,0,N
0,1,0,1,1,1971,0,N
0,0,0,0,0,1971,0,N
0,1,1,0,0,1971,1,N
0,1,0,0,0,1971,0,N
0,0,0,0,1,1971,0,N
0,0,0,0,0,1971,0,N
0,1,1,0,1,1971,0,N
0,1,1,0,1,1971,0,N
0,0,0,0,0,1971,0,N
0,0,0,0,0,1971,0,N
0,1,1,0,0,1971,0,N
0,1,1,0,1,1971,0,N
0,0,0,0,0,1971,0,N
0,1,0,0,1,1971,0,N
0,0,0,0,0,1971,0,N
1,1,0,0,1,1971,1,N
0,0,0,0,0,1971,0,N
0,0,0,0,0,1971,0,N
0,0,0,0,0,1971,0,N
0,0,0,0,0,1971,0,N
0,1,1,0,1,1971,0,N
0,0,0,0,0,1972,0,N
0,0,0,0,1,1972,0,N
0,1,0,0,1,1972,0,N
0,0,0,0,0,1972,0,N
0,1,0,0,1,1972,0,N
0,0,0,0,0,1972,0,N
0,1,1,0,1,1972,1,N
0,1,0,0,0,1972,0,N
0,1,0,0,0,1972,0,N
0,0,0,0,0,1972,0,N
0,1,0,0,1,1972,1,N
0,1,1,0,0,1972,0,N
0,1,1,0,0,1972,0,N
0,1,0,0,1,1972,1,N
0,0,0,0,0,1972,0,N
0,1,1,0,1,1972,0,N
0,0,0,0,0,1972,0,N
0,1,1,0,0,1972,1,N
0,0,0,0,1,1972,0,N
0,0,0,0,0,1972,0,N
0,0,0,0,0,1972,1,N
0,0,0,0,1,1972,0,N
0,1,1,0,1,1972,0,N
0,1,0,0,0,1972,0,N
0,1,0,0,0,1972,0,N
0,0,0,0,0,1972,0,N
2,0,0,0,0,1972,1,N
0,1,0,0,1,1972,1,N
0,1,0,0,1,1972,0,N
0,1,0,0,0,1972,0,N
0,0,0,0,1,1972,0,N
0,0,0,0,1,1972,0,N
0,0,0,0,0,1972,0,N
0,1,0,0,0,1972,0,N
0,0,0,0,1,1972,0,N
0,1,1,0,0,1972,0,N
0,0,0,0,0,1972,1,N
0,0,0,0,0,1972,0,N
0,0,0,0,0,1972,0,N
0,1,0,0,0,1972,0,N
0,1,0,0,1,1972,0,N
0,1,0,0,1,1972,0,N
0,1,0,0,1,1972,0,N
0,1,1,0,0,1972,0,N
0,1,0,0,1,1972,0,N
0,1,1,0,0,1972,1,N
0,1,1,0,0,1972,1,N
0,0,0,0,0,1972,0,N
0,1,0,0,1,1972,0,N
0,0,0,0,0,1972,0,N
0,0,0,0,0,1972,0,N
0,1,1,0,1,1972,0,N
0,0,0,0,1,1972,0,N
0,1,1,0,0,1972,0,N
0,0,0,0,0,1972,0,N
0,0,0,0,0,1972,1,N
0,1,1,0,0,1972,0,N
0,0,0,0,0,1972,1,N
0,0,0,0,0,1972,0,N
0,0,0,0,0,1972,0,N
0,0,0,0,1,1972,0,N
0,1,0,0,1,1972,1,N
0,1,0,0,0,1972,0,N
0,1,1,0,0,1972,0,N
0,1,0,0,1,1972,1,N
0,0,0,0,0,1972,1,N
0,1,0,0,1,1972,0,N
0,0,0,0,0,1972,1,N
0,1,0,0,0,1972,0,N
0,0,0,0,0,1972,0,N
0,1,0,0,1,1972,0,N
0,0,0,0,0,1972,0,N
0,0,0,0,0,1972,1,N
0,0,0,0,0,1972,1,N
0,1,0,0,1,1972,0,N
0,0,0,0,0,1972,0,N
0,1,1,0,1,1972,0,N
0,0,0,0,1,1972,0,N
0,0,0,0,0,1972,0,N
0,0,0,0,0,1972,1,N
0,0,0,0,0,1972,0,N
0,1,0,0,1,1972,0,N
0,0,0,0,0,1972,1,N
0,1,1,0,0,1972,0,N
0,0,0,0,0,1972,0,N
5,1,0,0,0,1972,0,P
0,0,0,0,1,1972,0,N
0,1,0,0,1,1972,1,N
0,1,0,0,0,1972,0,N
0,0,0,0,0,1972,0,N
0,0,0,0,0,1972,0,N
1,0,0,0,0,1972,0,N
0,1,0,0,1,1972,0,N
0,0,0,0,0,1972,0,N
0,1,0,0,0,1972,0,N
0,1,1,0,1,1972,0,N
0,1,0,0,1,1972,0,N
0,0,0,1,1,1972,0,N
0,0,0,0,0,1972,0,N
0,0,0,0,0,1972,0,N
0,0,0,0,0,1972,0,N
0,1,0,0,1,1972,0,N
0,0,0,0,0,1972,0,N
0,0,0,0,0,1972,0,N
0,1,0,0,0,1972,0,N
0,0,0,0,1,1972,0,N
0,0,0,0,0,1972,1,N
0,0,0,0,0,1972,0,N
0,0,0,0,0,1972,0,N
0,0,0,0,0,1972,0,N
0,0,0,0,0,1972,1,N
0,0,0,0,0,1972,0,N
0,1,0,0,1,1972,0,N
0,0,0,0,0,1972,0,N
0,1,0,0,1,1972,0,N
0,1,0,0,1,1972,1,N
0,1,1,0,1,1972,0,N
0,1,0,0,1,1972,0,N
0,0,0,1,0,1972,0,N
0,1,0,0,1,1972,0,N
0,1,0,0,1,1972,0,N
0,0,0,0,0,1972,0,N
0,0,0,0,0,1972,1,N
0,1,1,0,0,1972,0,N
0,0,0,0,0,1972,0,N
0,0,0,0,0,1972,0,N
0,0,0,0,0,1972,0,N
0,0,0,0,0,1972,0,N
0,0,0,0,1,1972,1,N
0,0,0,0,0,1972,1,N
0,0,0,0,0,1972,0,N
0,1,0,0,0,1972,0,N
0,1,1,0,1,1972,0,N
0,1,0,0,1,1972,0,N
0,0,0,0,0,1972,0,N
0,0,0,0,0,1973,0,N
0,1,1,0,0,1973,1,N
0,1,0,0,0,1973,0,N
0,0,0,0,0,1973,0,N
0,1,0,0,0,1973,0,N
0,0,0,0,0,1973,0,N
0,0,0,0,0,1973,0,N
0,0,0,0,0,1973,1,N
0,0,0,0,0,1973,1,N
0,0,0,0,0,1973,1,N
0,0,0,0,0,1973,1,N
0,0,0,0,0,1973,0,N
0,0,0,0,0,1973,1,N
0,1,1,0,0,1973,0,N
0,1,1,0,0,1973,1,N
0,1,0,0,1,1973,0,N
0,1,1,0,0,1973,1,N
0,0,0,0,1,1973,0,N
0,1,0,0,1,1973,0,N
0,0,0,0,0,1973,0,N
0,0,0,0,0,1973,1,N
0,1,0,0,1,1973,0,N
0,0,0,0,0,1973,0,N
0,1,1,0,0,1973,0,N
0,0,0,0,0,1973,0,N
5,1,0,0,0,1973,0,N
0,0,0,0,0,1973,0,N
0,0,0,0,0,1973,1,N
0,0,0,0,0,1973,0,N
0,1,1,0,1,1973,0,N
0,0,0,0,0,1973,0,N
1,0,0,0,0,1973,1,N
0,1,0,0,0,1973,1,N
0,1,0,0,1,1973,0,N
0,1,0,0,0,1973,0,N
0,0,0,0,0,1973,1,N
0,0,0,0,0,1973,0,N
0,1,0,0,0,1973,0,N
0,1,1,0,0,1973,1,N
0,0,0,0,0,1973,0,N
0,1,0,0,0,1973,0,N
0,0,0,0,0,1973,0,N
0,0,0,0,1,1973,1,N
0,1,1,0,0,1973,1,N
0,0,0,0,0,1973,0,N
0,1,0,0,1,1973,1,N
0,0,0,0,0,1973,0,N
0,0,0,0,0,1973,0,N
0,0,0,0,0,1973,0,N
0,0,0,0,0,1973,0,N
0,1,0,0,0,1973,0,N
0,0,0,0,0,1973,0,N
0,0,0,0,0,1973,0,N
0,0,0,0,0,1973,0,N
0,0,0,0,0,1973,0,N
0,0,0,0,1,1973,1,N
0,1,1,0,0,1973,0,N
0,1,0,0,1,1973,0,N
0,1,0,0,1,1973,0,N
0,0,0,1,0,1973,0,N
0,1,1,0,0,1973,1,N
0,0,0,0,0,1973,1,N
0,0,0,0,0,1973,0,N
0,1,0,0,0,1973,0,N
0,0,0,0,0,1973,0,N
0,0,0,0,0,1973,1,N
0,1,0,0,0,1973,0,N
0,1,1,0,0,1973,0,N
0,0,0,0,0,1973,0,N
0,0,0,0,0,1973,0,N
0,1,1,0,1,1973,0,N
0,1,1,0,0,1973,0,N
0,0,1,0,0,1973,0,N
0,0,0,0,0,1973,0,N
0,0,0,0,1,1973,0,N
0,0,0,0,0,1973,0,N
0,0,0,0,0,1973,0,N
0,1,1,0,0,1973,0,N
0,0,0,0,0,1973,0,N
0,0,0,0,0,1973,0,N
0,0,0,0,1,1973,0,N
0,1,1,0,1,1973,0,N
0,0,0,0,0,1973,0,N
0,0,0,0,0,1973,0,N
0,0,0,0,0,1973,0,N
0,0,0,0,0,1973,1,N
0,1,0,0,0,1973,0,N
0,0,0,0,0,1973,0,N
0,1,1,0,1,1973,0,N
0,0,0,0,0,1973,0,N
0,1,0,1,0,1973,0,N
0,1,1,0,0,1973,1,N
0,1,0,0,1,1973,0,N
0,1,1,0,0,1973,0,N
0,0,0,0,0,1973,0,N
0,0,0,0,1,1973,0,N
0,0,0,0,1,1973,0,N
0,0,0,0,0,1973,0,N
0,0,0,0,0,1973,0,N
0,0,0,0,0,1973,0,N
0,1,1,0,0,1973,1,N
0,0,0,0,0,1973,0,N
0,0,0,0,0,1973,0,N
0,1,0,0,0,1973,1,N
0,0,0,0,0,1973,0,N
0,1,0,0,0,1973,0,N
0,1,1,0,0,1973,1,N
0,0,0,0,0,1973,1,N
0,0,0,0,0,1973,0,N
0,0,0,0,0,1973,0,N
0,0,0,0,0,1973,0,N
0,0,0,0,0,1973,0,N
0,1,0,0,0,1973,0,N
0,1,0,0,0,1973,1,N
0,1,0,0,0,1973,0,N
0,1,1,0,1,1973,0,N
0,1,0,0,0,1973,0,N
0,0,0,0,0,1973,0,N
0,0,0,0,0,1973,0,N
0,0,0,0,0,1973,1,N
0,0,0,0,0,1973,0,N
0,1,1,0,0,1973,0,N
0,0,0,0,0,1973,1,N
0,1,1,0,1,1973,0,N
0,1,0,0,1,1973,1,N
0,0,0,0,0,1973,0,N
0,1,0,0,1,1973,0,N
0,1,0,0,1,1973,0,N
0,1,0,0,1,1973,1,N
0,0,0,0,0,1973,0,N
0,0,0,0,0,1973,0,N
0,0,0,0,1,1973,0,N
0,0,0,0,0,1973,0,N
1,0,0,0,0,1973,0,N
0,0,0,0,0,1973,0,N
0,0,0,0,0,1973,1,N
0,0,0,0,0,1973,1,N
0,0,0,0,0,1973,1,N
0,0,0,0,1,1973,0,N
0,0,0,0,0,1973,0,N
0,0,0,0,0,1974,0,N
0,1,0,0,0,1974,0,N
0,0,0,0,0,1974,0,N
0,1,1,0,0,1974,0,N
0,1,0,0,1,1974,0,N
0,1,0,0,1,1974,0,N
0,0,0,0,0,1974,1,N
0,0,0,0,0,1974,1,N
0,0,0,0,0,1974,0,N
0,0,0,0,0,1974,0,N
0,0,0,0,0,1974,0,N
1,0,0,1,0,1974,0,N
0,0,0,0,0,1974,1,N
0,0,0,0,0,1974,0,N
0,1,0,0,0,1974,1,N
0,1,1,0,1,1974,1,N
0,1,1,0,1,1974,0,N
0,1,0,0,1,1974,0,N
0,0,0,0,0,1974,0,N
0,1,0,0,0,1974,0,N
0,0,0,0,0,1974,0,N
0,1,0,0,1,1974,0,N
0,0,0,0,1,1974,0,N
0,0,0,0,1,1974,0,N
0,0,0,0,0,1974,0,N
0,0,0,0,0,1974,1,N
0,0,0,0,1,1974,0,N
0,1,0,0,1,1974,0,N
0,1,0,0,0,1974,0,N
0,0,0,0,0,1974,0,N
0,1,0,0,0,1974,0,N
0,1,0,0,1,1974,0,N
0,0,0,0,0,1974,1,N
0,0,0,0,0,1974,0,N
0,0,0,0,1,1974,1,N
0,1,1,0,1,1974,0,N
0,1,0,0,1,1974,0,N
0,0,0,0,1,1974,0,N
0,0,0,0,1,1974,1,N
1,0,0,0,0,1974,0,N
0,1,0,0,0,1974,1,N
0,0,0,0,0,1974,0,N
3,1,0,0,0,1974,0,P
0,1,1,0,0,1974,0,N
0,0,0,0,0,1974,0,N
0,0,0,0,0,1974,0,N
0,1,1,0,0,1974,1,N
0,1,0,0,0,1974,0,N
0,0,0,0,0,1974,0,N
0,0,0,0,0,1974,0,N
0,0,0,0,0,1974,0,N
0,1,1,0,0,1974,0,N
0,0,0,0,0,1974,0,N
0,1,0,0,0,1974,1,N
0,1,0,0,0,1974,0,N
0,1,0,0,1,1974,0,N
0,0,0,0,0,1974,0,N
0,1,0,0,1,1974,0,N
0,0,0,0,0,1974,0,N
0,0,0,0,0,1974,1,N
0,0,0,0,0,1974,0,N
0,1,0,0,0,1974,0,N
0,0,0,0,0,1974,1,N
0,1,0,0,0,1974,0,N
0,1,0,0,0,1974,0,N
0,0,0,0,0,1974,0,N
0,0,0,0,0,1974,0,N
0,1,0,0,1,1974,0,N
0,1,0,0,0,1974,0,N
0,0,0,0,1,1974,0,N
0,1,1,0,0,1974,1,N
0,0,0,0,0,1974,0,N
0,0,0,0,0,1974,0,N
1,0,0,0,0,1974,0,N
0,0,0,0,0,1974,1,N
0,1,0,0,0,1974,0,N
0,0,0,0,0,1974,1,N
0,1,0,0,0,1974,0,N
0,1,0,0,0,1974,1,N
0,0,0,0,0,1974,0,N
0,0,0,0,0,1974,0,N
0,0,0,0,0,1974,0,N
0,1,0,0,1,1974,1,N
0,1,0,0,0,1974,0,N
0,1,0,0,1,1974,0,N
0,1,0,0,1,1974,0,N
0,0,0,0,0,1974,1,N
0,1,0,0,0,1974,0,N
0,1,0,0,0,1974,1,N
0,0,0,0,0,1974,0,N
0,0,0,0,0,1974,0,N
0,0,0,0,0,1974,0,N
0,0,0,0,0,1974,0,N
0,1,0,0,1,1974,0,N
0,1,0,0,0,1974,1,N
0,0,0,0,0,1974,1,N
0,0,0,0,0,1974,0,N
0,0,0,0,0,1974,1,N
0,0,0,0,0,1974,0,N
0,0,0,0,1,1974,0,N
0,1,0,0,0,1974,0,N
0,1,0,0,1,1974,0,N
0,0,0,0,0,1974,1,N
0,1,0,0,0,1974,0,N
0,0,0,0,0,1974,0,N
0,0,0,0,0,1974,0,N
0,0,0,0,0,1974,0,N
0,0,0,0,1,1974,1,N
0,0,0,0,0,1974,1,N
0,1,0,0,0,1974,0,N
0,1,0,0,0,1974,0,N
0,0,0,0,0,1974,0,N
0,1,0,0,0,1974,0,N
0,1,0,0,1,1974,1,N
0,1,1,0,1,1974,0,N
0,1,0,0,0,1974,0,N
0,1,0,0,1,1974,1,N
0,0,0,0,0,1974,0,N
0,0,0,0,0,1974,0,N
0,0,0,0,1,1974,0,N
0,1,0,0,1,1974,0,N
0,1,1,0,1,1974,0,N
0,0,0,0,0,1974,0,N
0,0,0,0,0,1974,0,N
0,0,0,0,0,1974,0,N
0,0,0,0,0,1974,0,N
0,0,0,0,0,1974,0,N
0,1,0,0,1,1974,1,N
0,0,0,0,0,1974,1,N
0,0,0,0,0,1974,0,N
0,0,0,0,0,1974,0,N
0,0,0,0,0,1974,0,N
0,0,0,0,0,1974,0,N
0,1,0,0,0,1974,0,N
0,1,1,0,0,1974,0,N
0,0,0,0,0,1974,1,N
0,0,0,0,1,1974,0,N
0,1,0,0,0,1974,0,N
0,0,0,0,0,1974,0,N
0,0,0,0,0,1974,1,N
0,0,0,0,0,1974,1,N
0,0,0,0,0,1974,1,N
0,1,1,0,0,1974,1,N
0,0,0,0,0,1974,0,N
0,1,0,0,0,1974,1,N
0,1,0,0,1,1975,0,N
0,1,0,0,1,1975,0,N
0,0,0,0,0,1975,0,N
0,1,1,0,0,1975,0,N
0,0,0,0,0,1975,0,N
0,1,0,0,1,1975,1,N
0,0,0,0,1,1975,0,N
0,0,0,0,0,1975,0,N
0,1,0,0,0,1975,0,N
0,0,0,0,0,1975,1,N
0,0,0,0,1,1975,0,N
0,1,0,0,0,1975,1,N
0,0,0,0,0,1975,0,N
0,0,0,0,0,1975,0,N
0,1,0,0,1,1975,0,N
0,1,1,0,1,1975,0,N
0,1,1,0,0,1975,0,N
0,1,0,0,1,1975,0,N
0,0,0,0,0,1975,0,N
2,0,0,0,0,1975,0,N
2,0,0,0,0,1975,0,P
0,0,0,0,0,1975,0,N
0,0,0,0,1,1975,0,N
0,0,0,0,1,1975,0,N
0,1,0,0,1,1975,0,N
0,0,0,0,0,1975,0,N
0,1,0,0,0,1975,0,N
0,1,0,0,1,1975,0,N
1,0,0,0,0,1975,0,N
0,1,0,0,0,1975,0,N
0,1,0,0,1,1975,0,N
0,1,0,1,1,1975,0,N
0,1,0,0,1,1975,0,N
0,0,0,0,1,1975,0,N
0,1,0,0,0,1975,0,N
0,0,0,0,1,1975,1,N
0,1,1,0,1,1975,0,N
0,0,0,0,0,1975,0,N
0,0,0,0,1,1975,0,N
0,0,0,0,0,1975,0,N
0,0,0,0,1,1975,0,N
0,0,0,0,1,1975,0,N
0,0,0,0,1,1975,0,N
0,1,0,0,1,1975,0,N
0,1,0,0,1,1975,0,N
0,0,0,0,0,1975,1,N
0,0,0,0,0,1975,0,N
0,1,1,0,0,1975,0,N
0,1,0,0,0,1975,1,N
0,1,0,0,0,1975,0,N
0,1,0,0,1,1975,0,N
0,0,0,0,0,1975,0,N
0,1,0,0,1,1975,0,N
0,1,0,0,0,1975,1,N
0,0,0,0,0,1975,0,N
0,1,1,0,0,1975,1,N
0,0,0,0,1,1975,1,N
0,1,0,0,0,1975,1,N
0,0,0,0,0,1975,0,N
0,0,0,0,0,1975,0,N
0,1,0,0,1,1975,0,N
0,1,1,0,0,1975,0,N
0,0,0,0,0,1975,0,N
0,1,0,0,1,1975,1,N
3,1,0,0,0,1975,0,N
0,0,0,0,0,1975,0,N
0,1,0,0,1,1975,1,N
0,0,0,0,1,1975,0,N
0,0,0,0,1,1975,0,N
0,1,0,0,1,1975,0,N
0,0,0,0,0,1975,0,N
0,0,0,0,0,1975,1,N
0,1,0,0,0,1975,1,N
0,1,0,0,1,1975,0,N
0,0,0,0,1,1975,1,N
0,1,0,0,0,1975,1,N
0,0,0,0,0,1975,1,N
0,1,0,0,0,1975,0,N
0,0,0,0,0,1975,0,N
0,0,0,0,0,1975,0,N
0,1,1,0,0,1975,1,N
0,1,1,0,1,1975,0,N
0,1,0,0,0,1975,0,N
0,1,0,0,0,1975,0,N
0,0,0,0,0,1975,0,N
0,0,0,0,0,1975,0,N
3,0,0,0,0,1975,0,P
0,1,1,0,0,1975,1,N
0,1,0,0,1,1975,0,N
0,0,0,0,0,1975,1,N
0,1,1,0,0,1975,0,N
0,0,0,0,0,1975,0,N
0,1,1,0,0,1975,0,N
3,0,0,0,0,1975,1,P
0,0,0,0,0,1975,0,N
0,1,0,0,1,1975,0,N
0,1,0,0,0,1975,1,N
0,0,0,0,0,1975,0,N
0,1,1,1,0,1975,1,N
0,0,0,0,0,1975,0,N
0,1,1,0,0,1975,0,N
0,0,0,0,0,1975,0,N
0,0,0,0,0,1975,1,N
3,1,0,0,0,1975,0,N
0,1,0,0,1,1975,0,N
0,1,0,0,1,1975,0,N
0,1,0,0,1,1975,0,N
0,0,0,0,0,1976,0,N
0,1,0,0,0,1976,1,N
0,0,0,0,0,1976,0,N
0,1,0,0,1,1976,0,N
0,0,0,0,1,1976,0,N
0,0,0,0,0,1976,0,N
0,0,0,0,0,1976,0,N
0,0,0,0,1,1976,1,N
0,0,0,0,1,1976,0,N
0,1,0,0,1,1976,0,N
0,0,0,0,1,1976,1,N
0,0,0,0,1,1976,0,N
0,0,0,0,0,1976,1,N
0,0,0,0,0,1976,0,N
0,1,1,0,0,1976,1,N
0,0,0,0,0,1976,0,N
0,0,0,0,1,1976,0,N
0,0,0,0,1,1976,0,N
0,0,0,0,0,1976,0,N
0,0,0,0,0,1976,0,N
0,1,0,0,1,1976,0,N
0,0,0,0,0,1976,0,N
0,1,1,0,1,1976,0,N
0,1,1,0,0,1976,1,N
0,0,0,0,0,1976,1,N
0,0,0,0,0,1976,1,N
0,0,0,0,0,1976,0,N
0,1,1,1,0,1976,0,N
0,1,0,0,1,1976,1,N
0,0,0,0,0,1976,0,N
0,0,0,0,0,1976,0,N
0,0,0,0,1,1976,0,N
0,1,0,0,0,1976,0,N
0,0,0,0,0,1976,0,N
0,1,0,0,0,1976,0,N
0,1,0,0,0,1976,1,N
0,0,0,0,0,1976,0,N
0,0,0,0,0,1976,0,N
0,0,0,0,0,1976,0,N
0,0,0,0,0,1976,1,N
0,0,0,0,0,1976,0,N
0,1,0,0,0,1976,0,N
0,0,0,0,1,1976,1,N
0,1,1,0,0,1976,1,N
0,1,0,1,0,1976,0,N
0,0,0,0,0,1976,0,N
0,0,0,0,1,1976,0,N
0,0,0,0,0,1976,0,N
0,0,0,0,0,1976,1,N
0,1,0,0,0,1976,0,N
0,0,0,0,0,1976,0,N
0,0,0,1,0,1976,0,N
0,0,0,0,1,1976,0,N
0,1,1,0,0,1976,1,N
0,0,0,0,1,1976,0,N
0,1,0,0,0,1976,0,N
0,0,0,0,1,1976,0,N
0,1,0,0,0,1976,0,N
0,0,0,0,0,1976,1,N
0,1,1,0,0,1976,0,N
0,1,0,0,1,1976,0,N
0,0,1,1,0,1976,0,N
0,0,0,0,1,1976,1,N
0,0,0,0,0,1976,1,N
0,1,0,0,1,1976,0,N
0,1,1,0,0,1976,0,N
0,0,0,0,0,1976,1,N
0,0,0,0,1,1976,0,N
0,1,0,0,1,1976,1,N
0,0,0,0,0,1976,0,N
0,1,0,0,1,1976,1,N
0,0,0,0,0,1976,0,N
0,1,0,0,1,1976,0,N
0,1,0,0,0,1976,0,N
0,0,0,0,0,1976,0,N
0,1,0,0,1,1976,0,N
0,0,0,0,0,1976,1,N
0,0,0,0,0,1976,0,N
1,1,0,0,0,1976,0,N
0,0,0,0,0,1976,0,N
0,0,0,0,0,1976,0,N
0,1,0,0,1,1976,1,N
0,0,0,0,0,1976,0,N
0,0,0,0,0,1976,0,N
0,0,0,0,0,1976,0,N
0,1,0,0,1,1976,0,N
0,0,0,0,1,1976,0,N
0,0,0,0,0,1976,0,N
0,0,1,1,0,1976,0,N
0,0,0,0,0,1976,0,N
0,1,0,0,0,1976,0,N
0,0,0,0,0,1976,1,N
1,0,0,0,0,1976,0,N
0,0,0,0,1,1976,1,N
0,0,0,0,0,1976,1,N
0,0,0,0,0,1976,0,N
0,0,0,0,0,1976,0,N
0,1,0,1,0,1976,0,N
0,1,0,0,1,1976,0,N
0,0,0,0,1,1976,0,N
0,0,0,0,1,1976,0,N
0,1,0,0,0,1976,0,N
0,0,0,0,0,1976,1,N
0,1,0,0,0,1976,0,N
0,1,0,0,1,1976,0,N
0,1,0,0,0,1976,0,N
0,0,0,0,0,1976,1,N
0,1,0,0,1,1976,0,N
0,1,0,0,0,1976,0,N
0,1,0,0,1,1976,1,N
0,1,0,0,1,1976,0,N
0,0,0,0,1,1976,1,N
0,0,0,0,1,1976,0,N
0,0,0,0,0,1976,0,N
0,1,0,0,0,1976,0,N
0,0,0,0,1,1976,0,N
0,0,0,0,1,1976,0,N
0,0,0,0,0,1976,1,N
0,0,0,1,0,1976,0,N
0,0,0,0,0,1976,0,N
0,1,0,0,0,1976,0,N
0,1,0,0,1,1976,0,N
0,0,0,0,0,1976,0,N
0,0,0,0,0,1976,0,N
0,0,0,0,0,1976,1,N
0,0,0,0,0,1976,1,N
0,1,0,0,0,1976,0,N
0,1,0,0,0,1976,0,N
0,0,0,0,1,1976,0,N
0,0,0,0,0,1976,0,N
0,0,0,0,1,1976,0,N
0,0,0,0,0,1976,0,N
0,1,0,0,1,1976,0,N
0,1,0,0,1,1976,1,N
0,1,0,0,1,1976,0,N
0,1,0,0,0,1976,0,N
0,0,0,0,0,1976,0,N
0,1,0,0,1,1976,0,N
0,1,0,0,0,1976,0,N
0,1,0,0,0,1976,0,N
0,0,0,0,0,1976,0,N
1,0,0,0,1,1976,0,N
0,1,0,0,1,1976,0,N
0,0,0,0,0,1976,1,N
0,0,0,0,1,1976,0,N
0,0,0,0,0,1976,0,N
0,0,0,0,0,1976,0,N
0,0,0,0,0,1976,0,N
0,0,0,0,0,1976,0,N
0,0,0,0,0,1976,0,N
0,1,0,0,0,1976,0,N
0,1,0,0,1,1976,0,N
0,0,0,0,0,1976,1,N
0,1,0,0,0,1976,0,N
0,1,0,0,1,1977,0,N
0,0,0,0,0,1977,1,N
0,1,0,0,1,1977,0,N
0,1,0,0,1,1977,0,N
0,1,1,1,0,1977,0,N
0,1,0,0,1,1977,1,N
0,1,0,0,0,1977,0,N
0,0,0,0,0,1977,0,N
0,0,0,0,1,1977,0,N
0,0,0,0,1,1977,0,N
0,0,0,0,0,1977,0,N
0,0,0,0,0,1977,0,N
0,0,0,0,1,1977,0,N
0,1,0,0,0,1977,0,N
0,0,0,0,0,1977,0,N
0,1,0,0,1,1977,0,N
0,0,0,0,1,1977,1,N
0,0,0,0,1,1977,1,N
0,1,1,0,0,1977,0,N
0,0,0,0,1,1977,1,N
0,0,0,0,1,1977,0,N
11,0,0,0,0,1977,0,N
0,0,0,0,0,1977,0,N
0,0,0,0,0,1977,0,N
0,0,0,0,1,1977,0,N
0,1,1,0,0,1977,0,N
0,0,0,0,0,1977,0,N
0,0,0,0,1,1977,1,N
0,0,0,0,1,1977,1,N
0,0,0,0,0,1977,1,N
0,1,1,0,0,1977,0,N
0,0,0,0,0,1977,0,N
0,0,0,0,0,1977,0,N
0,0,0,0,0,1977,1,N
0,0,0,0,0,1977,0,N
0,1,0,0,1,1977,1,N
0,1,0,0,0,1977,1,N
0,0,0,0,1,1977,0,N
0,1,0,0,0,1977,1,N
0,0,0,0,1,1977,1,N
0,1,0,0,0,1977,0,N
0,0,0,0,0,1977,0,N
0,1,0,0,0,1977,0,N
0,1,0,0,1,1977,0,N
0,1,1,0,0,1977,0,N
0,1,0,0,1,1977,0,N
0,0,0,0,1,1977,0,N
0,1,0,0,0,1977,0,N
0,0,0,0,0,1977,1,N
0,0,0,0,0,1977,0,N
0,1,0,0,0,1977,0,N
0,0,0,0,0,1977,0,N
0,0,0,0,0,1977,0,N
3,0,0,1,0,1977,1,N
0,0,0,0,1,1977,0,N
0,0,0,0,1,1977,0,N
0,0,0,0,0,1977,0,N
0,0,0,0,1,1977,0,N
6,0,0,0,0,1977,0,N
0,0,0,0,0,1977,0,N
0,0,0,0,0,1977,1,N
0,0,0,0,0,1977,0,N
0,0,0,0,0,1977,1,N
0,0,0,0,0,1977,0,N
0,0,0,0,0,1977,0,N
0,1,0,0,1,1977,0,N
0,0,0,0,0,1977,0,N
0,1,0,0,0,1977,0,N
0,1,1,0,1,1977,1,N
0,0,0,0,1,1977,1,N
0,1,0,0,0,1977,1,N
0,0,0,0,0,1977,0,N
0,0,0,0,0,1977,0,N
0,1,0,0,0,1977,1,N
0,0,0,0,0,1977,0,N
0,1,0,0,0,1977,0,N
0,0,0,0,0,1977,0,N
0,1,0,0,1,1977,0,N
0,1,0,0,1,1977,0,N
0,0,0,0,1,1977,1,N
0,1,0,0,0,1977,0,N
0,0,0,0,0,1977,0,N
0,0,0,0,0,1977,0,N
0,0,0,0,1,1977,0,N
0,1,1,0,0,1977,0,N
0,1,0,0,1,1977,0,N
5,0,0,0,0,1977,1,N
0,0,0,0,1,1977,0,N
0,0,0,0,0,1977,0,N
0,1,0,0,0,1977,0,N
0,0,0,0,1,1977,0,N
0,0,0,0,1,1977,0,N
0,0,0,0,1,1977,0,N
0,1,0,0,0,1977,0,N
0,0,0,0,0,1977,0,N
0,1,1,0,0,1977,1,N
0,0,0,0,0,1977,0,N
0,1,0,0,0,1977,0,N
0,1,0,0,0,1977,0,N
0,1,0,0,0,1977,1,N
0,0,0,0,0,1977,0,N
0,0,0,0,0,1977,0,N
0,1,0,0,0,1977,0,N
0,0,0,0,1,1977,1,N
0,0,0,0,1,1977,0,N
0,1,0,0,1,1977,0,N
0,1,0,0,0,1977,0,N
0,1,0,0,0,1977,0,N
0,0,0,0,1,1977,1,N
0,0,0,0,0,1977,0,N
0,0,0,0,1,1977,0,N
0,0,0,0,0,1977,0,N
0,0,0,0,1,1977,0,N
0,0,0,0,0,1977,0,N
6,0,0,0,0,1977,0,N
0,1,0,0,0,1977,0,N
0,1,0,0,1,1977,1,N
0,0,0,0,0,1977,0,N
0,1,0,0,1,1977,0,N
0,0,0,0,0,1977,1,N
0,0,0,0,0,1977,0,N
0,1,0,0,1,1977,1,N
0,1,0,0,1,1977,0,N
0,0,0,0,1,1977,0,N
0,0,0,0,0,1977,0,N
0,1,0,0,0,1977,1,N
0,0,0,0,1,1977,0,N
0,0,0,0,0,1977,0,N
0,1,0,0,0,1977,0,N
0,1,0,0,0,1977,0,N
0,1,0,0,0,1977,1,N
0,0,0,0,0,1977,0,N
0,0,0,0,0,1977,0,N
0,0,0,0,0,1977,0,N
0,0,0,0,0,1977,1,N
0,0,0,0,1,1977,0,N
1,0,0,0,0,1977,1,N
0,0,0,0,0,1978,0,N
0,1,0,0,0,1978,0,N
1,0,0,0,1,1978,1,N
1,0,0,0,0,1978,1,N
0,1,0,0,0,1978,0,N
0,0,0,0,0,1978,0,N
0,0,0,0,1,1978,0,N
0,1,1,0,1,1978,0,N
0,1,0,0,0,1978,1,N
0,0,0,0,1,1978,0,N
0,0,0,0,1,1978,0,N
0,0,0,0,0,1978,1,N
0,0,0,0,1,1978,0,N
0,1,0,0,0,1978,1,N
0,1,0,0,0,1978,0,N
1,1,0,1,0,1978,0,N
0,1,0,0,1,1978,0,N
0,0,0,0,0,1978,1,N
0,1,0,0,1,1978,0,N
0,0,0,0,1,1978,0,N
0,0,0,0,0,1978,0,N
0,0,0,0,1,1978,0,N
0,1,0,0,1,1978,0,N
0,1,0,0,0,1978,1,N
0,1,0,0,0,1978,0,N
0,1,0,0,0,1978,1,N
0,1,0,0,1,1978,0,N
3,1,0,0,0,1978,0,P
0,1,0,0,1,1978,0,N
0,0,0,0,0,1978,0,N
0,1,0,0,0,1978,1,N
0,0,0,0,0,1978,1,N
0,1,0,0,0,1978,1,N
0,0,0,0,0,1978,0,N
0,1,0,0,0,1978,0,N
0,0,0,0,1,1978,1,N
0,1,0,0,1,1978,0,N
0,1,0,0,0,1978,1,N
0,0,0,0,1,1978,1,N
0,0,0,0,0,1978,0,N
0,1,0,0,1,1978,1,N
0,1,1,0,1,1978,0,N
0,0,0,0,1,1978,0,N
0,0,0,0,1,1978,1,N
0,0,0,0,0,1978,0,N
0,0,0,0,0,1978,0,N
0,1,0,0,0,1978,0,N
0,1,0,1,1,1978,0,N
0,0,0,0,0,1978,1,N
0,0,0,0,0,1978,0,N
0,1,0,0,0,1978,0,N
0,0,0,0,1,1978,0,N
0,0,0,0,0,1978,1,N
1,0,0,0,1,1978,1,N
2,1,0,0,0,1978,0,P
0,0,0,0,0,1978,1,N
0,0,0,0,0,1978,1,N
0,1,0,0,0,1978,0,N
0,1,0,0,0,1978,1,N
0,0,0,0,0,1978,0,N
0,0,0,0,0,1978,0,N
1,1,0,0,0,1978,1,P
0,1,0,0,0,1978,0,N
1,0,0,0,0,1978,0,N
1,1,0,0,0,1978,1,N
0,0,0,0,0,1978,0,N
0,1,0,0,0,1978,0,N
0,1,0,0,1,1978,0,N
0,0,0,0,0,1978,0,N
0,0,0,0,0,1978,1,N
0,0,0,0,0,1978,0,N
0,1,0,0,0,1978,0,N
0,1,0,0,0,1978,0,N
0,1,0,0,0,1978,0,N
0,0,0,0,1,1978,0,N
0,1,0,0,0,1978,0,N
0,0,0,0,0,1978,0,N
0,0,0,0,0,1978,0,N
0,0,0,0,0,1978,0,N
0,0,0,1,0,1978,0,N
0,1,1,0,0,1978,0,N
1,0,0,0,1,1978,0,N
0,0,0,0,0,1978,1,N
1,0,0,0,0,1978,0,N
0,0,0,0,0,1978,1,N
0,1,0,0,1,1978,0,N
0,0,0,0,0,1978,1,N
0,0,0,0,0,1978,0,N
0,1,0,0,0,1978,0,N
0,0,0,0,1,1978,0,N
0,1,1,0,0,1978,0,N
0,1,0,0,0,1978,0,N
0,0,0,0,0,1978,0,N
0,0,0,0,0,1978,0,N
0,1,0,0,0,1978,0,N
0,1,0,0,0,1978,0,N
3,1,0,0,0,1978,0,P
0,0,0,0,0,1978,0,N
1,0,0,0,0,1978,0,N
0,0,0,0,1,1978,0,N
0,0,0,0,0,1978,1,N
0,0,0,0,0,1978,1,N
0,1,0,0,0,1978,0,N
0,0,0,0,0,1978,0,N
0,1,0,0,1,1978,1,N
0,0,0,0,1,1978,1,N
0,0,0,0,1,1978,0,N
0,0,0,0,0,1978,0,N
0,1,0,0,1,1978,1,N
0,1,0,0,0,1978,0,N
0,0,0,0,0,1978,0,N
0,1,0,0,0,1978,0,N
0,0,0,0,0,1979,0,N
0,1,0,0,0,1979,1,N
0,0,0,0,1,1979,0,N
0,0,0,0,0,1979,0,N
0,1,0,0,0,1979,0,N
1,0,0,0,1,1979,1,N
7,1,0,0,1,1979,1,N
0,1,1,0,1,1979,0,N
4,1,0,0,1,1979,0,N
0,0,0,0,0,1979,1,N
0,1,0,0,1,1979,0,N
0,0,0,0,1,1979,0,N
0,1,0,0,1,1979,0,N
0,0,0,0,0,1979,0,N
0,0,0,0,0,1979,0,N
0,0,0,0,0,1979,0,N
0,0,0,0,0,1979,0,N
0,1,0,0,1,1979,0,N
0,1,0,0,1,1979,0,N
0,0,0,0,0,1979,0,N
0,0,0,0,1,1979,0,N
0,0,0,0,0,1979,1,N
0,1,0,0,1,1979,0,N
0,0,0,0,0,1979,0,N
0,0,0,0,0,1979,0,N
0,0,0,0,0,1979,0,N
0,0,0,0,0,1979,1,N
0,0,0,0,1,1979,1,N
0,0,0,0,0,1979,0,N
0,1,1,0,0,1979,0,N
0,0,0,0,0,1979,0,N
0,0,0,0,1,1979,0,N
5,1,0,0,0,1979,0,N
0,0,0,0,1,1979,0,N
0,1,0,0,1,1979,1,N
0,1,1,0,1,1979,0,N
0,0,0,0,0,1979,0,N
0,1,0,0,1,1979,0,N
0,1,0,0,1,1979,0,N
0,0,0,0,0,1979,0,N
0,0,0,0,0,1979,0,N
0,1,0,0,0,1979,0,N
0,0,0,0,1,1979,0,N
0,1,0,0,0,1979,0,N
0,1,0,0,0,1979,0,N
0,1,0,0,1,1979,0,N
0,1,1,0,0,1979,0,N
0,1,1,0,0,1979,0,N
0,0,0,0,0,1979,0,N
0,0,0,0,1,1979,1,N
0,0,0,0,0,1979,1,N
0,0,0,0,0,1979,0,N
0,1,1,0,0,1979,0,N
2,1,0,0,0,1979,0,N
0,0,0,0,1,1979,0,N
0,0,0,0,1,1979,0,N
0,1,0,0,1,1979,0,N
0,0,0,0,0,1979,0,N
4,0,0,0,0,1979,0,N
0,0,0,0,0,1979,0,N
0,0,0,0,0,1979,0,N
0,0,0,0,1,1979,0,N
0,1,0,0,0,1979,0,N
1,0,0,0,1,1979,1,N
0,1,0,0,1,1979,0,N
0,1,0,0,0,1979,0,N
0,0,0,0,1,1979,0,N
1,1,0,0,0,1979,1,N
0,1,0,0,1,1979,0,N
0,0,0,0,0,1979,1,N
0,1,0,0,1,1979,0,N
0,1,0,0,1,1979,1,N
1,1,0,0,0,1979,0,N
0,0,0,0,0,1979,0,N
0,0,0,0,0,1979,0,N
3,0,0,0,0,1979,0,N
0,1,0,0,1,1979,1,N
0,0,0,0,0,1979,0,N
0,0,0,0,1,1979,1,N
0,1,1,0,1,1979,0,N
0,1,0,0,1,1979,0,N
1,1,0,0,0,1979,1,N
3,1,0,0,1,1979,0,N
0,1,0,0,0,1979,0,N
0,1,0,0,1,1979,0,N
0,0,0,0,0,1979,0,N
0,0,0,0,0,1979,0,N
0,1,1,0,1,1979,0,N
0,0,0,0,1,1979,1,N
0,0,0,0,0,1979,0,N
0,1,1,0,1,1979,1,N
0,0,0,0,1,1979,0,N
0,1,1,0,0,1979,1,N
0,0,0,0,0,1979,0,N
0,1,0,0,0,1979,0,N
0,0,0,0,0,1979,0,N
0,0,0,0,0,1979,0,N
0,0,0,0,0,1979,0,N
0,1,1,0,0,1979,0,N
0,0,0,0,1,1979,0,N
0,1,0,0,1,1979,0,N
0,1,0,0,0,1979,0,N
1,1,0,0,0,1979,1,N
0,0,0,0,0,1979,0,N
0,1,0,0,0,1979,0,N
0,1,1,0,0,1979,0,N
1,0,0,0,0,1979,0,N
0,1,0,0,0,1979,0,N
0,0,0,0,1,1979,0,N
0,0,0,0,0,1979,1,N
0,1,1,0,0,1979,1,N
0,1,0,0,0,1979,0,N
3,0,0,0,0,1979,0,N
0,0,0,0,0,1979,0,N
0,1,0,0,1,1979,0,N
0,1,0,0,1,1979,0,N
0,0,0,0,0,1979,0,N
0,1,0,0,0,1979,1,N
0,0,0,0,0,1979,0,N
0,1,0,1,0,1980,0,N
3,1,0,0,0,1980,0,P
2,0,0,0,0,1980,0,N
0,0,0,0,0,1980,0,N
3,1,0,0,1,1980,0,N
0,0,0,0,0,1980,0,N
2,0,0,0,0,1980,0,N
0,1,0,0,0,1980,0,N
0,0,0,0,0,1980,0,N
0,1,0,0,0,1980,0,N
0,1,0,0,0,1980,0,N
5,0,0,0,1,1980,1,N
0,0,0,0,0,1980,0,N
0,0,0,0,0,1980,1,N
0,0,0,0,0,1980,0,N
0,1,0,0,0,1980,0,N
0,0,0,0,0,1980,1,N
0,0,0,0,0,1980,0,N
0,0,0,0,0,1980,0,N
0,1,1,0,0,1980,1,N
0,1,0,0,0,1980,0,N
0,0,0,1,0,1980,0,N
0,1,0,0,0,1980,1,N
0,1,0,0,0,1980,1,N
0,0,0,0,1,1980,0,N
2,0,0,0,0,1980,1,N
1,1,1,0,1,1980,0,N
0,0,0,0,0,1980,0,N
0,1,0,0,0,1980,0,N
0,1,0,0,1,1980,0,N
0,1,0,0,0,1980,0,N
0,0,0,0,0,1980,1,N
0,0,0,0,0,1980,0,N
0,0,0,0,1,1980,1,N
0,1,0,0,0,1980,1,N
0,0,0,0,0,1980,0,N
0,0,0,0,0,1980,0,N
0,1,1,0,0,1980,1,N
0,0,0,0,1,1980,0,N
0,1,0,0,0,1980,1,N
0,0,0,0,0,1980,0,N
0,0,0,0,0,1980,0,N
0,0,0,0,0,1980,0,N
1,0,0,0,0,1980,1,N
0,1,0,0,0,1980,0,N
3,1,0,0,0,1980,0,P
0,1,0,0,1,1980,0,N
0,1,0,0,0,1980,0,N
0,0,0,0,0,1980,0,N
0,0,0,0,0,1980,1,N
3,0,0,0,0,1980,0,P
0,1,0,0,0,1980,0,N
0,0,0,0,1,1980,0,N
0,0,1,0,1,1980,1,N
0,1,0,0,1,1980,0,N
0,1,0,0,0,1980,0,N
0,0,0,0,0,1980,0,N
0,1,0,0,0,1980,1,N
0,1,0,0,0,1980,0,N
0,0,0,1,1,1980,0,N
0,0,0,0,0,1980,0,N
0,0,0,0,0,1980,1,N
0,1,0,0,0,1980,1,N
0,1,0,0,1,1980,0,N
0,0,0,0,0,1980,0,N
0,1,0,0,1,1980,0,N
0,1,0,0,1,1980,0,N
0,1,0,0,1,1980,0,N
3,0,0,0,1,1980,1,N
0,1,1,0,0,1980,0,N
0,0,0,0,0,1980,1,N
0,1,0,0,1,1980,0,N
0,0,0,0,0,1980,1,N
0,0,0,0,0,1980,1,N
0,1,1,0,0,1980,1,N
0,0,0,0,0,1980,0,N
0,0,0,0,1,1980,0,N
0,0,0,0,0,1980,0,N
0,0,0,0,0,1980,0,N
0,0,0,0,1,1980,0,N
0,1,0,0,0,1980,0,N
0,1,0,0,1,1980,0,N
0,0,0,0,0,1980,0,N
5,1,0,0,0,1980,0,N
0,0,0,0,1,1980,0,N
0,1,0,0,0,1980,0,N
0,0,0,0,0,1980,0,N
0,0,0,0,1,1980,0,N
2,0,0,0,0,1980,0,N
0,1,0,0,0,1980,0,N
0,0,0,0,0,1980,0,N
2,1,0,0,0,1980,0,N
0,0,0,0,0,1980,0,N
0,0,0,0,0,1980,0,N
0,1,0,0,0,1980,0,N
0,0,0,0,0,1980,0,N
0,0,0,0,0,1980,1,N
0,0,0,0,0,1980,0,N
0,0,0,0,1,1980,0,N
0,0,0,0,1,1980,0,N
0,1,0,0,0,1980,0,N
0,1,1,0,0,1980,0,N
0,0,0,0,0,1980,0,N
0,1,1,0,0,1980,0,N
0,1,0,0,0,1980,0,N
0,1,0,0,0,1980,0,N
1,0,0,0,0,1980,0,N
0,0,0,0,0,1980,0,N
1,0,0,0,0,1980,0,N
0,1,0,0,0,1980,0,N
0,0,0,0,1,1980,0,N
0,0,0,0,0,1980,0,N
4,1,0,0,1,1980,0,N
0,1,1,0,0,1980,0,N
3,1,0,0,1,1980,0,N
3,1,0,0,0,1980,0,N
0,1,1,0,0,1980,0,N
0,1,0,0,1,1980,1,N
0,0,0,0,0,1980,0,N
0,0,0,0,1,1980,0,N
0,0,0,0,0,1980,1,N
0,1,0,0,1,1980,0,N
0,0,0,0,1,1980,0,N
0,0,0,0,0,1980,1,N
0,1,0,0,0,1980,1,N
0,1,1,0,0,1980,0,N
0,0,0,0,0,1980,1,N
0,0,0,0,0,1981,1,N
0,1,0,0,1,1981,0,N
0,0,0,0,0,1981,0,N
0,1,0,0,0,1981,1,N
0,1,0,0,1,1981,0,N
0,1,0,0,1,1981,0,N
0,1,0,0,1,1981,0,N
0,1,0,0,0,1981,0,N
0,1,1,0,1,1981,0,N
4,0,0,0,0,1981,0,N
0,1,1,0,0,1981,0,N
0,1,0,0,1,1981,0,N
0,0,0,0,0,1981,0,N
0,1,0,0,0,1981,0,N
0,0,0,0,0,1981,1,N
0,0,0,0,1,1981,0,N
0,1,0,0,1,1981,1,N
0,0,0,0,1,1981,0,P
0,0,0,0,0,1981,0,N
0,0,0,0,1,1981,0,N
2,0,0,0,0,1981,1,N
0,0,0,0,0,1981,1,N
0,1,0,0,1,1981,0,N
0,1,0,0,0,1981,0,N
0,0,0,0,0,1981,1,N
0,0,0,0,1,1981,0,N
0,0,0,0,0,1981,0,N
0,1,0,0,1,1981,0,N
0,0,0,0,1,1981,0,N
0,1,0,0,0,1981,0,N
0,0,0,0,0,1981,0,N
0,0,0,0,0,1981,0,N
0,1,0,0,0,1981,1,P
0,0,0,0,0,1981,0,N
1,0,0,0,0,1981,0,N
0,0,0,0,1,1981,0,N
0,1,0,0,0,1981,0,N
1,0,0,0,0,1981,1,P
0,0,0,0,1,1981,0,N
0,1,0,0,0,1981,1,N
0,1,0,0,0,1981,1,P
0,0,0,0,0,1981,0,N
0,0,0,0,1,1981,0,N
0,0,0,0,1,1981,0,N
0,1,0,0,0,1981,0,N
0,0,0,0,0,1981,0,N
0,1,0,0,1,1981,0,N
0,1,0,0,0,1981,0,N
0,0,0,0,0,1981,0,P
0,1,0,0,1,1981,0,N
0,1,0,0,0,1981,0,N
0,0,0,0,0,1981,1,N
0,0,0,0,0,1981,1,N
0,1,0,0,1,1981,0,N
0,1,0,0,0,1981,1,N
0,0,0,0,0,1981,1,N
0,0,0,0,0,1981,0,N
1,0,0,0,0,1981,1,P
0,0,0,0,0,1981,0,N
0,0,0,0,0,1981,0,P
0,1,0,0,0,1981,0,N
0,0,0,0,1,1981,0,N
0,1,0,0,0,1981,0,N
0,0,0,0,1,1981,0,N
0,1,0,0,0,1981,1,N
3,0,0,0,0,1981,0,N
1,0,0,0,0,1981,0,N
0,1,0,0,0,1981,0,N
0,0,0,0,0,1981,1,N
1,0,0,0,0,1981,0,N
0,1,0,0,0,1981,0,N
1,0,0,0,1,1981,0,N
7,1,0,0,1,1981,0,N
0,0,0,0,0,1981,0,N
1,0,0,0,0,1981,0,N
2,1,0,0,0,1981,0,N
0,0,0,0,0,1981,0,N
0,0,0,0,0,1981,1,N
0,0,0,0,0,1981,0,N
1,0,0,0,0,1981,0,N
0,1,1,0,0,1981,0,N
0,0,0,0,1,1981,0,N
0,1,0,0,1,1981,0,N
0,0,0,0,0,1981,1,N
0,1,0,0,0,1981,0,N
0,0,0,0,1,1981,0,N
0,1,0,0,0,1981,0,P
0,1,0,0,1,1981,0,N
0,0,0,0,1,1981,0,N
0,0,0,0,0,1981,0,N
0,1,1,0,0,1981,1,N
0,0,0,0,0,1981,0,N
0,0,0,0,0,1981,1,N
0,0,0,0,0,1981,0,N
0,1,0,0,0,1981,0,N
0,0,0,0,1,1981,1,N
0,1,0,0,0,1981,1,N
0,0,0,0,1,1981,0,N
0,0,0,0,0,1981,0,N
0,0,0,0,0,1981,0,N
0,0,0,0,0,1981,0,N
0,0,0,0,0,1981,0,N
0,0,0,0,0,1981,0,N
0,0,0,0,0,1981,0,N
0,0,0,0,0,1981,0,N
0,0,0,0,0,1981,0,N
0,0,0,0,0,1981,0,N
0,0,0,0,0,1981,1,N
0,1,0,0,1,1981,1,N
0,1,0,0,0,1981,0,N
0,1,1,0,1,1981,0,N
0,0,0,0,0,1982,0,P
6,0,0,0,0,1982,1,P
0,0,0,0,0,1982,1,P
0,0,0,0,0,1982,0,P
0,0,0,0,0,1982,0,P
0,1,0,0,0,1982,0,P
0,1,1,0,0,1982,0,P
0,1,1,0,0,1982,1,P
0,0,0,0,1,1982,1,P
0,1,0,0,0,1982,1,P
0,0,0,0,0,1982,0,P
0,0,0,0,0,1982,1,P
0,1,0,0,0,1982,0,P
0,0,0,0,1,1982,0,P
0,1,0,0,1,1982,0,P
0,1,1,0,0,1982,1,P
0,1,0,0,1,1982,0,P
0,1,0,0,0,1982,0,P
0,1,1,0,0,1982,1,P
0,0,0,0,0,1982,1,P
0,0,0,0,1,1982,1,P
0,1,0,0,1,1982,0,P
0,0,0,0,0,1982,0,P
0,0,0,0,0,1982,0,P
0,0,0,0,0,1982,0,P
3,1,0,0,0,1982,0,P
0,0,0,0,0,1982,0,P
0,1,0,0,0,1982,1,P
0,0,0,0,0,1982,1,P
0,1,1,0,0,1982,0,P
0,0,0,0,1,1982,0,P
2,1,0,0,1,1982,0,P
0,1,0,0,1,1982,0,P
0,0,0,0,1,1982,0,P
0,0,0,0,1,1982,1,P
0,0,0,0,1,1982,0,P
0,1,0,0,1,1982,0,P
0,1,0,0,0,1982,0,P
0,0,0,0,0,1982,1,P
0,1,1,0,0,1982,0,P
0,0,0,0,1,1982,1,P
0,1,0,0,0,1982,0,P
0,0,0,0,0,1982,0,P
0,1,0,0,0,1982,0,P
0,1,0,0,0,1982,0,P
0,1,0,0,0,1982,0,P
0,1,1,0,0,1982,0,P
0,1,1,0,0,1982,0,P
0,1,0,0,1,1982,0,P
0,1,1,0,0,1982,1,P
0,1,0,0,1,1982,0,P
0,0,0,0,1,1982,0,P
0,1,0,0,0,1982,1,P
0,1,0,0,0,1982,1,P
0,0,0,0,0,1982,0,P
0,1,1,0,1,1982,0,P
0,0,0,0,1,1982,0,P
0,0,0,0,0,1982,0,P
0,0,0,0,1,1982,0,P
0,1,0,0,0,1982,0,P
0,0,0,0,0,1982,0,P
0,1,0,0,0,1982,0,P
0,0,0,0,1,1982,0,P
0,0,0,0,0,1982,1,P
0,0,0,0,0,1982,1,P
2,1,0,0,0,1982,1,P
0,1,0,0,0,1982,0,P
0,0,0,0,1,1982,0,P
2,1,0,0,0,1982,0,P
0,0,1,0,1,1982,1,P
0,1,1,0,1,1982,0,P
0,1,1,0,0,1982,0,P
0,1,1,0,0,1982,0,P
0,1,0,0,0,1982,0,P
0,1,0,0,1,1982,0,P
0,1,0,0,0,1982,0,P
0,0,0,0,0,1982,0,P
0,1,0,0,0,1982,1,P
0,0,0,0,0,1982,0,P
0,0,0,0,0,1982,0,P
0,0,0,0,1,1982,0,P
0,1,0,0,0,1982,1,P
0,0,0,0,0,1982,1,P
1,0,0,0,1,1982,0,P
0,0,0,0,1,1982,0,P
0,1,0,0,0,1982,0,P
0,0,0,0,0,1982,1,P
0,0,0,0,1,1982,0,P
0,0,0,0,0,1982,1,P
0,0,0,0,1,1982,0,P
0,0,0,0,0,1982,1,P
2,1,0,0,0,1982,0,P
5,1,0,0,0,1982,0,N
0,1,0,0,0,1982,0,P
0,0,0,0,0,1982,0,P
0,1,0,0,0,1982,1,P
0,0,0,0,0,1982,0,P
0,1,0,0,0,1982,1,P
0,0,0,0,1,1982,0,P
6,0,0,0,0,1982,0,P
0,0,0,0,1,1982,0,P
0,0,0,1,0,1982,1,P
0,1,0,0,0,1982,0,P
0,1,0,0,0,1982,0,P
0,0,0,0,0,1982,0,P
0,0,0,0,1,1982,0,P
0,1,0,0,1,1982,0,P
0,1,0,0,1,1982,0,P
0,0,0,0,0,1982,1,P
0,0,0,0,1,1982,0,P
0,0,0,0,1,1982,0,P
0,1,0,0,0,1982,1,P
0,0,0,0,0,1982,0,P
0,1,1,0,0,1982,0,P
0,1,0,0,1,1982,1,P
0,1,0,0,0,1982,0,P
0,1,0,0,1,1982,0,P
0,1,0,0,1,1982,0,P
0,1,0,0,0,1982,1,P
0,0,0,0,0,1982,1,P
0,1,0,0,1,1982,1,P
0,0,0,0,0,1982,0,P
0,0,0,0,1,1982,0,P
0,1,0,0,1,1982,1,P
0,0,0,0,0,1982,1,P
0,0,0,0,1,1982,1,P
0,1,0,0,1,1982,0,P
0,0,0,0,1,1982,0,P
0,0,0,0,0,1982,0,P
0,0,0,0,1,1982,1,P
0,1,1,0,1,1982,0,P
0,0,0,0,0,1982,1,P
0,0,0,0,0,1982,0,P
0,0,0,0,0,1982,1,P
0,0,0,0,0,1982,0,P
0,1,0,0,1,1982,0,P
6,0,0,0,0,1982,1,P
0,1,0,0,0,1983,0,P
0,0,0,0,0,1983,1,P
0,0,0,0,1,1983,0,P
0,0,0,1,0,1983,1,P
0,1,0,0,1,1983,0,P
0,0,0,0,1,1983,0,P
0,0,0,0,1,1983,0,P
0,1,0,0,0,1983,0,P
0,1,0,0,1,1983,0,P
0,0,0,0,0,1983,0,P
0,0,0,0,0,1983,1,P
0,1,0,0,0,1983,0,P
0,1,0,0,1,1983,0,P
0,0,0,0,1,1983,1,P
0,0,0,0,1,1983,0,P
0,1,1,0,1,1983,0,P
0,0,0,0,1,1983,0,P
0,1,0,0,1,1983,0,P
0,0,0,0,0,1983,1,P
0,1,1,0,0,1983,0,P
0,1,0,0,1,1983,0,P
0,0,0,0,1,1983,0,P
0,1,0,0,0,1983,0,P
0,0,0,0,0,1983,1,P
0,0,0,0,1,1983,0,P
0,1,0,0,0,1983,0,P
0,1,0,0,1,1983,0,P
0,0,0,0,1,1983,0,P
0,0,0,0,1,1983,0,P
0,0,0,0,0,1983,0,P
0,0,0,0,0,1983,1,P
0,0,0,0,1,1983,0,P
0,1,0,0,0,1983,0,P
0,0,0,0,0,1983,0,P
0,0,0,0,0,1983,0,P
1,0,0,0,0,1983,0,P
3,1,0,0,0,1983,0,P
0,0,0,0,0,1983,0,P
0,1,1,0,0,1983,0,P
0,0,0,0,0,1983,0,P
0,1,0,0,1,1983,1,P
0,0,0,0,1,1983,0,P
0,1,0,0,0,1983,0,P
0,1,0,0,0,1983,1,P
0,1,1,0,0,1983,0,P
0,0,0,0,1,1983,0,P
0,1,0,0,0,1983,0,P
0,0,0,0,1,1983,0,P
0,0,0,0,1,1983,1,P
0,1,0,0,0,1983,0,P
0,0,0,0,0,1983,0,P
0,0,0,0,0,1983,0,P
0,1,0,0,0,1983,1,P
0,1,0,0,1,1983,0,P
0,1,0,0,0,1983,0,P
0,0,0,0,0,1983,0,P
0,0,0,0,0,1983,0,P
0,1,0,0,0,1983,1,P
0,1,1,0,0,1983,0,P
0,0,0,0,1,1983,0,P
0,1,0,0,0,1983,0,P
0,0,0,0,1,1983,0,P
0,0,0,0,1,1983,0,P
4,0,0,0,0,1983,0,P
0,0,0,0,0,1983,0,P
0,0,0,0,1,1983,0,P
0,0,0,0,0,1983,0,P
0,0,0,0,0,1983,0,P
0,1,0,0,0,1983,0,P
0,0,0,0,1,1983,1,P
2,1,0,0,0,1983,0,P
0,1,0,0,1,1983,0,P
0,0,0,0,1,1983,0,P
0,0,0,0,0,1983,0,P
0,0,0,0,0,1983,1,P
0,0,0,0,1,1983,0,P
0,0,0,0,1,1983,1,P
0,0,0,0,0,1983,0,P
0,0,0,0,0,1983,1,P
0,0,0,0,0,1983,0,P
0,1,0,0,0,1983,0,P
0,1,0,0,0,1983,1,P
0,1,0,0,1,1983,0,P
0,1,0,0,0,1983,0,P
0,1,0,0,0,1983,0,P
3,1,0,0,0,1983,0,P
0,0,0,0,0,1983,0,P
0,1,0,0,0,1983,0,P
0,1,0,0,1,1983,1,P
0,1,0,0,1,1983,0,P
0,0,0,0,1,1983,1,P
0,0,0,1,0,1983,1,P
2,1,0,0,0,1983,0,P
0,0,0,0,0,1983,0,P
0,0,0,0,0,1983,0,P
0,0,0,0,0,1983,0,P
0,1,0,0,0,1983,0,P
0,0,0,0,0,1983,0,P
0,0,1,0,0,1983,0,P
0,0,0,0,0,1983,0,P
0,0,0,0,0,1983,0,P
0,0,0,0,0,1983,1,P
0,0,0,0,0,1983,1,P
0,1,0,0,0,1983,0,P
0,1,1,0,1,1983,0,P
0,0,0,0,1,1983,1,P
0,1,0,0,1,1983,0,P
0,1,0,0,1,1983,0,P
0,0,0,0,0,1983,1,P
6,1,0,0,0,1983,0,P
0,1,0,0,1,1983,0,P
0,1,0,0,1,1983,1,P
0,0,0,0,0,1983,1,P
0,0,0,0,0,1983,0,P
0,0,0,0,0,1983,0,P
0,0,0,0,0,1983,0,P
0,1,1,0,0,1983,0,P
0,0,0,0,0,1983,1,P
0,1,0,0,1,1983,0,P
0,1,0,0,1,1983,0,P
0,0,0,0,1,1983,0,P
0,1,0,0,1,1983,0,P
0,1,0,0,1,1983,0,P
0,0,0,0,0,1983,0,P
0,1,0,0,0,1983,0,P
0,1,1,0,1,1983,0,P
0,1,1,0,0,1983,0,P
0,0,0,0,0,1983,0,P
0,0,1,0,0,1983,0,P
0,1,1,0,0,1983,0,P
0,0,0,0,1,1983,0,P
0,0,0,0,0,1983,0,P
0,0,0,0,1,1983,0,P
0,0,0,0,0,1983,1,P
0,1,0,0,0,1983,0,P
5,0,0,0,1,1983,0,P
0,0,0,0,1,1983,0,P
0,1,0,0,1,1984,0,P
0,0,0,0,1,1984,0,P
0,1,0,0,0,1984,0,P
0,0,0,0,0,1984,0,P
0,0,0,0,0,1984,0,P
0,0,0,0,1,1984,0,P
0,1,0,0,0,1984,0,P
0,1,0,0,1,1984,0,P
0,0,0,0,0,1984,0,P
0,0,0,0,1,1984,0,P
0,1,0,0,1,1984,0,P
0,0,0,0,1,1984,0,P
0,0,0,0,1,1984,0,P
0,0,0,0,0,1984,0,P
0,0,0,0,0,1984,0,P
0,1,0,0,0,1984,0,P
0,0,0,0,0,1984,0,P
0,0,0,0,0,1984,0,P
0,0,0,0,0,1984,1,P
0,0,0,0,1,1984,0,P
0,0,0,0,0,1984,1,P
0,0,0,0,0,1984,0,P
0,1,0,0,1,1984,0,P
0,1,0,0,1,1984,0,P
0,0,0,0,0,1984,0,P
0,0,0,0,0,1984,0,P
3,1,0,0,1,1984,0,P
0,0,0,0,1,1984,0,P
0,1,0,0,1,1984,0,P
5,1,0,0,0,1984,0,P
0,0,0,0,1,1984,0,P
0,0,0,0,1,1984,1,P
0,0,0,0,0,1984,0,P
0,1,0,0,0,1984,0,P
0,1,0,0,0,1984,0,P
0,1,0,0,0,1984,0,P
0,0,0,0,1,1984,0,P
0,0,0,0,0,1984,0,P
0,0,0,0,0,1984,0,P
0,1,0,0,0,1984,1,P
0,0,0,0,1,1984,1,P
0,0,0,0,0,1984,1,P
0,0,0,0,0,1984,0,P
0,0,0,0,0,1984,0,P
5,1,0,0,1,1984,0,P
5,0,0,0,0,1984,0,P
0,0,0,0,1,1984,0,P
0,0,0,0,0,1984,1,P
0,1,0,0,1,1984,1,P
0,1,0,0,0,1984,0,P
0,0,0,0,1,1984,0,P
0,1,0,0,0,1984,0,P
0,1,0,0,0,1984,0,P
0,0,0,0,0,1984,1,P
0,0,0,0,0,1984,0,P
0,0,0,0,0,1984,0,P
0,1,0,0,1,1984,1,P
0,1,0,0,0,1984,0,P
0,0,0,0,1,1984,0,P
0,1,0,0,1,1984,0,P
0,0,0,0,0,1984,0,P
0,0,0,0,0,1984,0,P
0,1,0,0,1,1984,0,P
0,0,0,0,0,1984,0,P
0,0,0,0,1,1984,0,P
0,0,0,0,0,1984,1,P
0,0,0,0,0,1984,1,P
0,0,0,0,0,1984,0,P
0,1,0,0,0,1984,0,P
0,1,0,0,0,1984,1,P
0,1,0,0,1,1984,1,P
0,0,0,0,0,1984,0,P
0,0,0,0,1,1984,0,P
0,0,0,0,1,1984,0,P
0,0,0,0,1,1984,1,P
0,1,0,0,0,1984,1,P
0,0,0,1,1,1984,1,P
0,1,0,0,0,1984,0,P
0,0,0,0,0,1984,0,P
0,1,0,0,1,1984,0,P
0,0,0,0,0,1984,0,P
1,0,0,0,1,1984,0,P
0,0,0,0,0,1984,0,P
0,1,0,0,0,1984,0,P
0,1,0,0,1,1984,0,P
2,0,0,0,1,1984,0,P
0,0,0,0,1,1984,0,P
0,0,0,1,0,1984,0,P
0,0,0,0,0,1984,0,P
0,0,0,0,0,1984,0,P
2,0,0,0,0,1984,0,P
0,0,0,0,0,1984,0,P
0,1,0,0,1,1984,1,P
0,0,0,0,1,1984,0,P
0,0,0,0,0,1984,1,P
0,0,0,0,0,1984,1,P
0,0,0,0,0,1984,0,P
0,1,0,0,1,1984,1,P
0,1,0,0,1,1984,0,P
0,0,0,0,1,1984,0,P
0,0,0,0,1,1984,0,P
0,1,0,0,0,1984,0,P
0,0,0,0,1,1984,0,P
0,0,0,0,0,1984,0,P
1,0,0,0,1,1984,0,P
0,0,0,0,1,1984,0,P
0,0,0,0,0,1984,0,P
0,1,0,0,1,1984,0,P
0,0,0,0,1,1984,0,P
0,0,0,0,0,1984,0,P
0,1,0,0,0,1984,1,P
0,0,0,0,0,1984,0,P
0,1,1,0,0,1984,1,P
0,0,0,0,0,1984,0,P
0,0,0,0,0,1984,0,P
0,0,0,0,0,1984,1,P
0,1,0,0,1,1984,0,P
0,0,0,0,1,1984,0,P
0,0,0,0,0,1984,0,P
0,1,1,0,0,1984,0,P
0,0,0,0,0,1984,1,P
0,1,0,0,1,1984,0,P
0,1,0,0,1,1984,0,P
0,0,0,0,0,1984,0,P
0,0,0,0,1,1984,1,P
0,0,0,0,0,1984,0,P
0,0,0,0,0,1984,1,P
10,1,0,0,0,1984,0,P
0,0,0,0,1,1984,1,P
2,0,0,0,0,1984,0,P
0,0,0,0,0,1984,0,P
4,1,0,0,1,1984,0,P
0,1,0,0,1,1984,1,P
0,0,0,0,1,1984,0,P
0,1,0,0,1,1984,1,P
0,0,0,0,0,1984,1,P
0,0,0,0,0,1984,0,P
1,0,0,0,1,1984,0,P
0,0,0,0,1,1984,0,P
0,0,0,0,0,1984,1,P
0,0,0,0,1,1984,0,P
0,1,1,0,0,1985,1,P
0,0,0,0,1,1985,0,P
0,1,0,0,0,1985,0,P
0,0,0,0,0,1985,0,P
0,0,0,0,0,1985,0,P
0,0,0,0,0,1985,0,P
0,0,0,0,0,1985,0,P
0,0,0,0,1,1985,1,P
0,0,0,0,1,1985,1,P
0,1,0,0,1,1985,0,P
0,0,0,0,0,1985,0,P
0,1,0,1,0,1985,0,P
0,0,0,0,0,1985,0,P
0,0,0,0,0,1985,1,P
0,0,0,0,0,1985,0,P
0,1,0,0,0,1985,1,P
0,0,0,0,0,1985,1,P
0,0,0,0,0,1985,0,P
0,1,0,0,0,1985,0,P
0,1,0,0,0,1985,0,P
0,0,0,1,1,1985,0,P
0,0,0,0,0,1985,0,P
0,0,0,0,1,1985,0,P
0,1,0,0,1,1985,0,P
0,1,0,0,0,1985,1,P
0,1,0,0,0,1985,0,P
0,1,0,0,1,1985,1,P
0,1,0,0,1,1985,1,P
0,0,0,0,1,1985,0,P
0,0,0,0,0,1985,1,P
0,0,0,0,0,1985,0,P
0,1,0,0,0,1985,0,P
0,0,0,0,1,1985,0,P
0,1,0,0,0,1985,1,P
0,0,0,0,1,1985,0,P
0,1,1,0,0,1985,1,P
0,1,0,0,1,1985,0,P
0,1,0,0,1,1985,0,P
0,1,1,0,0,1985,0,P
0,0,0,0,1,1985,0,P
0,1,1,0,0,1985,1,P
0,0,0,0,1,1985,0,P
0,0,0,0,0,1985,0,P
0,0,0,0,0,1985,0,P
0,0,0,0,1,1985,0,P
0,1,1,0,0,1985,0,P
0,0,0,0,0,1985,0,P
0,0,0,0,1,1985,0,P
0,0,0,0,1,1985,0,P
0,0,0,0,0,1985,0,P
0,0,0,0,0,1985,0,P
0,0,0,0,0,1985,0,P
0,1,0,0,0,1985,0,P
0,0,0,0,0,1985,0,P
0,1,0,0,1,1985,0,P
0,0,0,0,0,1985,1,P
0,0,0,0,0,1985,0,P
0,0,0,0,1,1985,0,P
0,1,0,0,0,1985,0,P
0,0,0,0,0,1985,0,P
0,0,0,0,1,1985,1,P
0,0,0,0,1,1985,0,P
0,1,1,0,1,1985,0,P
0,1,0,0,0,1985,1,P
0,1,0,0,1,1985,0,P
0,0,0,0,0,1985,0,P
0,0,0,0,0,1985,0,P
0,1,1,0,0,1985,0,P
0,1,0,0,1,1985,1,P
0,0,0,0,0,1985,0,P
0,1,0,0,0,1985,1,P
0,1,0,0,0,1985,0,P
0,1,0,0,0,1985,0,P
0,1,0,0,0,1985,1,P
0,1,0,0,0,1985,1,P
0,0,0,0,0,1985,0,P
0,1,1,0,0,1985,0,P
0,1,0,0,1,1985,1,P
0,0,0,0,0,1985,1,P
0,1,0,0,0,1985,0,P
0,1,0,1,0,1985,0,P
0,0,0,0,1,1985,0,P
0,1,1,0,0,1985,1,P
0,1,0,0,1,1985,0,P
0,1,0,0,1,1985,0,P
0,1,0,0,1,1985,1,P
0,0,0,0,0,1985,0,P
0,0,0,0,1,1985,1,P
0,0,0,0,0,1985,1,P
7,0,0,0,0,1985,1,P
0,0,0,0,0,1985,0,P
0,0,0,0,0,1985,0,P
0,1,0,0,0,1985,1,P
0,0,0,0,0,1985,1,P
0,0,0,0,0,1985,1,P
0,1,0,0,1,1985,0,P
0,1,0,0,1,1985,1,P
0,0,0,0,0,1985,0,P
0,0,0,0,0,1985,0,P
0,0,0,0,0,1985,0,P
0,0,0,0,1,1985,1,P
0,0,0,0,1,1985,0,P
0,1,0,0,0,1985,0,P
0,0,0,0,0,1985,0,P
0,1,0,0,0,1985,0,P
0,1,0,0,1,1985,0,P
0,0,0,0,1,1985,1,P
0,0,0,0,0,1985,1,P
0,0,0,0,0,1985,0,P
0,0,0,0,0,1985,0,P
0,0,0,0,1,1985,0,P
0,0,0,0,0,1985,0,P
0,0,0,0,0,1985,0,P
0,1,0,0,0,1985,0,P
0,0,0,0,0,1985,0,P
0,1,0,0,0,1985,0,P
0,0,0,0,0,1985,1,P
0,1,1,0,0,1985,0,P
0,1,0,0,0,1985,0,P
0,1,0,0,1,1985,1,P
0,0,0,0,1,1985,0,P
0,1,0,0,1,1985,0,P
0,1,0,0,0,1985,1,P
0,1,0,0,1,1985,0,P
0,0,0,0,0,1985,0,P
0,1,0,0,0,1985,1,P
0,0,0,0,0,1985,0,P
0,0,0,0,0,1985,1,P
0,0,0,0,0,1985,1,P
0,0,0,0,1,1985,0,P
0,0,0,0,0,1985,0,P
5,0,0,0,1,1985,1,P
0,0,0,0,1,1985,0,P
0,0,0,0,1,1985,0,P
0,0,0,0,1,1985,1,P
0,1,0,0,0,1985,0,P
0,1,0,0,1,1985,1,P
0,1,0,0,1,1985,0,P
0,0,0,0,0,1985,0,P
0,0,0,0,1,1986,0,P
0,1,0,0,1,1986,0,P
0,1,0,0,1,1986,0,P
0,1,0,0,0,1986,0,P
0,0,0,0,0,1986,1,P
0,1,0,0,1,1986,1,P
0,1,0,0,1,1986,0,P
0,0,0,0,0,1986,0,P
0,1,0,0,1,1986,0,P
0,0,0,0,0,1986,0,P
0,1,0,0,1,1986,0,P
0,0,0,0,0,1986,1,P
0,1,0,0,1,1986,0,P
0,1,0,0,0,1986,0,P
0,1,0,0,0,1986,1,P
0,0,0,0,0,1986,1,P
0,0,0,0,0,1986,1,P
0,0,0,0,0,1986,1,P
0,0,0,0,0,1986,0,P
0,0,0,0,0,1986,1,P
0,0,0,0,0,1986,1,P
0,0,0,0,0,1986,1,P
0,0,0,0,0,1986,1,P
0,1,0,0,0,1986,1,P
0,1,0,0,0,1986,0,P
0,1,0,0,0,1986,0,P
0,0,0,0,1,1986,0,P
0,1,0,0,0,1986,0,P
0,1,0,0,1,1986,1,P
0,0,0,0,0,1986,1,P
0,1,0,0,1,1986,0,P
0,0,0,0,0,1986,0,P
0,1,0,0,1,1986,0,P
0,1,0,0,0,1986,0,P
0,0,0,0,0,1986,0,P
0,0,0,0,1,1986,0,P
0,1,0,0,1,1986,0,P
0,0,0,0,0,1986,1,P
0,0,0,0,1,1986,0,P
0,0,0,0,0,1986,1,P
0,0,0,0,0,1986,0,P
0,1,0,0,0,1986,1,P
0,0,0,0,0,1986,1,P
0,0,0,0,0,1986,0,P
0,0,0,0,1,1986,0,P
0,1,0,0,1,1986,0,P
0,0,0,0,0,1986,1,P
0,1,1,0,0,1986,0,P
0,0,0,0,1,1986,0,P
0,0,0,0,0,1986,0,P
0,0,0,0,1,1986,1,P
0,0,0,0,0,1986,0,P
0,1,0,0,0,1986,0,P
0,1,0,0,1,1986,0,P
0,0,0,0,0,1986,0,P
0,0,0,0,0,1986,0,P
0,0,0,0,1,1986,0,P
0,1,0,0,0,1986,0,P
0,1,0,0,0,1986,0,P
0,0,0,0,1,1986,1,P
0,0,0,0,0,1986,1,P
0,0,0,0,0,1986,1,P
0,0,0,0,0,1986,1,P
0,1,0,0,0,1986,1,P
0,1,0,0,0,1986,1,P
0,1,0,0,0,1986,0,P
0,1,0,0,0,1986,1,P
0,0,0,0,0,1986,1,P
0,0,0,0,0,1986,0,P
2,0,0,0,0,1986,0,P
0,0,0,0,0,1986,1,P
0,0,0,0,0,1986,0,P
0,0,0,0,0,1986,0,P
0,0,0,0,0,1986,1,P
0,0,0,0,1,1986,0,P
0,1,0,0,0,1986,1,P
0,1,0,0,1,1986,1,P
0,0,0,0,0,1986,0,P
0,0,0,0,0,1986,0,P
0,0,0,0,1,1986,0,P
0,0,0,0,1,1986,0,P
0,0,0,0,0,1986,0,P
0,0,0,0,0,1986,0,P
2,0,0,0,0,1986,1,P
0,0,0,0,0,1986,0,P
0,0,0,0,0,1986,0,P
0,1,0,0,1,1986,0,P
0,1,0,0,0,1986,0,P
2,0,0,0,0,1986,1,P
0,0,0,0,0,1986,0,P
0,1,0,1,0,1986,0,P
0,0,0,0,0,1986,1,P
0,0,0,0,0,1986,0,P
0,1,1,0,0,1986,0,P
0,0,0,0,1,1986,0,P
0,1,0,0,0,1986,0,P
0,1,0,0,0,1986,1,P
0,0,0,0,1,1986,0,P
2,0,0,0,0,1986,0,P
0,0,0,0,0,1986,1,P
0,0,0,0,1,1986,0,P
0,1,0,0,1,1986,0,P
0,0,0,0,0,1986,0,P
0,1,1,0,0,1986,0,P
0,0,0,0,0,1986,0,P
0,0,0,0,0,1986,0,P
0,1,0,0,0,1986,0,P
2,0,0,0,0,1986,1,P
0,0,0,0,0,1986,0,P
0,1,0,0,1,1986,0,P
0,1,0,0,0,1986,0,P
0,0,0,0,0,1986,0,P
0,0,0,0,1,1986,1,P
0,0,0,0,0,1986,0,P
0,0,0,0,0,1986,1,P
0,0,0,0,0,1986,1,P
0,0,0,0,1,1986,0,P
0,0,0,1,0,1986,0,P
0,0,0,0,0,1986,1,P
0,1,0,0,1,1986,0,P
0,1,0,0,0,1986,1,P
0,0,0,1,1,1986,1,P
0,0,0,0,0,1986,1,P
0,0,0,0,0,1986,0,P
0,0,0,0,0,1986,0,P
0,0,0,0,0,1986,1,P
0,1,0,0,1,1986,1,P
0,1,0,0,1,1986,0,P
0,1,0,0,0,1986,0,P
0,0,0,0,0,1987,0,P
0,0,0,0,0,1987,0,P
0,1,0,0,0,1987,0,P
0,1,0,0,0,1987,1,P
0,0,0,0,0,1987,0,P
1,0,0,0,1,1987,1,P
0,1,0,0,1,1987,0,P
0,0,0,0,0,1987,0,P
0,0,0,0,0,1987,0,P
0,1,0,1,0,1987,0,P
0,0,0,0,0,1987,0,P
0,0,0,1,0,1987,0,P
0,0,0,0,0,1987,0,P
0,0,0,0,0,1987,0,P
0,1,0,0,1,1987,0,P
0,1,0,0,0,1987,0,P
0,1,0,0,0,1987,0,P
0,1,0,0,1,1987,0,P
0,0,0,0,1,1987,0,P
0,0,0,0,0,1987,1,P
0,1,0,0,1,1987,0,P
0,0,0,0,0,1987,1,P
0,0,0,0,0,1987,1,P
0,0,0,1,1,1987,0,P
0,0,0,0,0,1987,1,P
0,0,0,0,1,1987,1,P
0,0,0,0,0,1987,1,P
0,1,0,0,0,1987,0,P
0,0,0,0,1,1987,0,P
0,0,0,0,0,1987,0,P
0,0,0,0,0,1987,1,P
0,0,0,0,0,1987,0,P
0,1,0,0,1,1987,1,P
0,1,0,0,0,1987,0,P
0,0,0,0,0,1987,0,P
0,1,0,0,0,1987,0,P
0,1,0,0,0,1987,0,P
0,0,0,0,1,1987,0,P
0,0,0,0,0,1987,0,P
0,1,0,0,0,1987,0,P
0,1,0,0,0,1987,0,P
0,0,0,0,1,1987,0,P
0,1,0,0,0,1987,0,P
0,0,0,0,1,1987,1,P
0,0,0,1,0,1987,1,P
0,0,0,0,0,1987,1,P
0,0,0,0,0,1987,0,P
0,1,0,0,0,1987,0,P
1,1,0,0,1,1987,0,P
0,1,0,0,0,1987,1,P
0,1,0,0,1,1987,0,P
0,1,0,0,1,1987,1,P
0,1,1,0,0,1987,1,P
0,0,0,0,1,1987,0,P
0,0,0,0,1,1987,0,P
0,1,0,0,0,1987,0,P
0,0,0,0,0,1987,1,P
0,1,0,0,1,1987,1,P
0,1,0,0,1,1987,0,P
0,1,0,0,0,1987,1,P
0,0,0,0,0,1987,1,P
0,0,0,0,0,1987,0,P
0,0,0,0,1,1987,0,P
0,1,0,0,0,1987,0,P
0,1,0,1,0,1987,0,P
0,1,1,0,1,1987,0,P
0,1,0,0,0,1987,0,P
0,1,1,0,0,1987,1,P
0,0,0,0,0,1987,0,P
0,0,0,0,0,1987,1,P
0,0,0,0,0,1987,1,P
0,0,0,0,1,1987,0,P
0,1,0,0,0,1987,1,P
0,0,0,0,0,1987,1,P
0,0,0,0,1,1987,0,P
0,1,0,0,1,1987,0,P
0,1,0,0,1,1987,0,P
0,1,1,0,0,1987,0,P
0,0,0,0,0,1987,0,P
0,0,0,0,0,1987,0,P
0,0,0,0,0,1987,1,P
0,0,0,0,0,1987,0,P
0,0,0,0,1,1987,1,P
0,0,0,0,0,1987,0,P
0,1,0,0,1,1987,0,P
0,0,0,0,1,1987,0,P
0,0,0,0,0,1987,0,P
0,1,0,0,1,1987,1,P
0,0,0,0,1,1987,0,P
0,0,0,0,0,1987,0,P
0,1,0,0,1,1987,0,P
0,1,0,0,0,1987,0,P
0,1,0,0,1,1987,0,P
0,0,0,0,0,1987,0,P
0,1,0,0,0,1987,0,P
0,0,0,0,1,1987,0,P
0,1,0,0,1,1987,0,P
0,0,0,0,0,1987,1,P
0,0,0,0,0,1987,0,P
0,0,0,0,1,1987,1,P
1,1,0,0,1,1987,0,P
0,1,0,0,0,1987,0,P
1,0,0,0,0,1987,1,P
0,0,0,0,0,1987,0,P
0,0,0,0,0,1987,1,P
0,1,0,0,1,1987,0,P
0,0,0,0,0,1987,0,P
0,1,0,0,1,1987,1,P
0,1,0,0,0,1987,0,P
0,1,0,0,0,1987,0,P
0,0,0,0,0,1987,1,P
0,0,0,0,0,1987,0,P
0,0,0,0,0,1987,0,P
0,1,0,0,0,1987,0,P
0,0,0,0,1,1987,0,P
0,0,0,0,0,1987,0,P
0,0,0,0,1,1987,0,P
0,0,0,0,0,1987,0,P
0,1,0,0,0,1987,1,P
0,0,0,0,0,1987,0,P
0,1,0,0,1,1987,0,P
0,0,0,0,0,1987,0,P
0,1,0,0,1,1987,0,P
0,1,0,0,1,1987,0,P
0,0,0,0,1,1987,0,P
1,0,0,0,0,1987,0,P
0,0,0,0,0,1987,0,P
0,0,0,0,0,1987,0,P
0,0,0,0,1,1987,1,P
0,0,0,0,0,1987,1,P
0,0,0,0,0,1987,1,P
0,1,0,0,1,1987,0,P
0,1,0,0,0,1987,1,P
0,1,0,0,0,1987,0,P
0,1,0,0,0,1987,1,P
0,1,0,0,0,1987,1,P
0,0,0,0,1,1988,0,P
0,0,0,0,0,1988,0,P
0,1,0,0,0,1988,0,P
0,0,0,0,1,1988,0,P
0,1,0,0,1,1988,1,P
0,1,0,0,1,1988,0,P
0,1,0,0,0,1988,0,P
0,1,0,0,0,1988,0,P
0,1,1,0,1,1988,0,P
0,1,0,0,1,1988,1,P
0,0,0,0,0,1988,0,P
0,0,0,0,0,1988,0,P
0,0,0,0,0,1988,0,P
0,0,0,0,0,1988,0,P
0,1,0,0,1,1988,1,P
0,1,1,0,0,1988,0,P
0,0,0,0,0,1988,0,P
0,0,0,0,1,1988,1,P
0,0,0,0,0,1988,0,P
0,0,0,0,0,1988,1,P
0,0,0,0,1,1988,0,P
0,0,0,0,0,1988,1,P
0,1,1,0,1,1988,0,P
0,1,0,0,0,1988,0,P
0,0,0,0,0,1988,1,P
0,1,0,0,0,1988,0,P
0,1,0,0,1,1988,0,P
0,1,0,0,1,1988,0,P
0,1,0,0,0,1988,0,P
0,1,0,0,0,1988,1,P
0,0,0,0,0,1988,0,P
0,0,0,0,0,1988,0,P
0,0,0,0,0,1988,0,P
0,1,0,0,1,1988,1,P
0,0,0,0,0,1988,1,P
0,0,0,0,0,1988,0,P
0,0,0,0,0,1988,0,P
0,0,0,0,1,1988,0,P
0,0,0,0,1,1988,0,P
0,1,0,0,0,1988,1,P
0,0,0,0,0,1988,1,P
0,1,0,0,0,1988,0,P
0,0,0,1,1,1988,1,P
0,0,0,0,0,1988,1,P
0,0,0,0,0,1988,0,P
0,0,0,0,0,1988,1,P
0,0,0,0,0,1988,0,P
0,0,0,0,0,1988,1,P
0,1,1,0,0,1988,1,P
0,1,0,0,0,1988,1,P
0,1,0,0,1,1988,0,P
0,0,0,0,0,1988,1,P
0,1,0,0,1,1988,0,P
0,1,1,0,0,1988,0,P
0,0,0,0,0,1988,0,P
0,1,0,0,0,1988,0,P
0,1,0,0,0,1988,0,P
0,0,0,0,1,1988,0,P
0,1,0,0,0,1988,1,P
0,0,0,0,1,1988,1,P
0,0,0,0,1,1988,1,P
0,1,0,0,1,1988,1,P
0,0,0,0,0,1988,1,P
1,1,0,0,1,1988,1,P
0,1,0,0,0,1988,0,P
0,1,1,0,1,1988,1,P
0,1,0,0,0,1988,0,P
1,1,0,0,0,1988,0,P
0,0,0,0,0,1988,1,P
0,1,0,0,1,1988,0,P
0,1,0,0,1,1988,0,P
0,0,0,0,1,1988,0,P
0,1,0,0,1,1988,0,P
0,0,0,0,0,1988,0,P
0,1,0,0,0,1988,0,P
0,0,0,0,1,1988,0,P
0,0,0,0,1,1988,1,P
0,0,0,0,1,1988,0,P
0,0,0,0,0,1988,0,P
0,0,0,0,0,1988,1,P
0,1,0,0,1,1988,0,P
0,1,0,0,0,1988,0,P
0,0,0,0,1,1988,0,P
0,1,1,0,0,1988,0,P
0,0,0,0,1,1988,0,P
0,1,0,0,1,1988,1,P
0,0,0,0,0,1988,0,P
0,1,0,0,0,1988,0,P
0,1,0,0,0,1988,0,P
0,0,0,0,0,1988,0,P
0,1,0,0,0,1988,1,P
0,1,0,0,0,1988,0,P
0,1,0,0,1,1988,0,P
0,0,0,0,0,1988,0,P
0,0,0,0,0,1988,1,P
0,1,0,0,0,1988,0,P
0,0,0,0,0,1988,0,P
1,1,0,0,0,1988,0,P
0,1,0,0,0,1988,0,P
0,1,0,0,0,1988,0,P
0,1,0,0,1,1988,1,P
0,0,0,0,0,1988,0,P
0,0,0,0,0,1988,0,P
0,0,0,0,0,1988,0,P
0,0,0,0,0,1988,1,P
0,0,0,0,0,1988,1,P
0,1,0,0,0,1988,1,P
0,0,0,0,0,1988,1,P
0,1,0,0,0,1988,0,P
0,1,0,0,1,1988,1,P
0,1,0,0,1,1988,1,P
0,1,1,0,0,1988,1,P
0,1,0,0,1,1988,1,P
0,1,0,0,1,1988,1,P
0,1,0,0,0,1988,0,P
0,0,0,0,0,1988,0,P
0,0,0,0,0,1988,0,P
0,0,0,0,0,1988,1,P
0,1,0,0,1,1988,0,P
0,0,0,0,0,1988,0,P
0,0,0,0,1,1988,0,P
0,0,0,0,0,1988,1,P
0,1,1,0,0,1988,0,P
0,1,0,0,0,1988,1,P
0,0,0,0,0,1988,0,P
0,1,0,0,0,1988,1,P